field,cam,ncams,w,h,scroll,verts,e_p95,e_max,k_row1,rn_dev,ortho_err,det,pitch
fbg_n00_tshp_map001_th_cgr_0,0,2,480,320,1,164,0.01,0.02,0.93331,6e-05,0.00014,1.0,-27.86
fbg_n00_tshp_map001_th_cgr_0,1,2,640,224,1,164,0.03,0.04,0.93345,4e-05,6e-05,1.0,3.32
fbg_n00_tshp_map002_th_cgr_1,0,2,480,320,1,164,0.01,0.02,0.93331,6e-05,0.00014,1.0,-27.86
fbg_n00_tshp_map002_th_cgr_1,1,2,320,240,0,147,0.32,0.45,0.93323,3e-05,7e-05,1.0,-2.46
fbg_n00_tshp_map005_th_met_0,0,4,320,224,0,105,0.02,0.03,0.93337,0.00011,0.00015,1.0,-25.52
fbg_n00_tshp_map005_th_met_0,1,4,320,288,0,95,0.34,0.78,0.93331,0.0001,0.00015,1.0,-17.44
fbg_n00_tshp_map005_th_met_0,2,4,320,224,0,105,0.02,0.06,0.93326,8e-05,0.00011,1.0,2.83
fbg_n00_tshp_map005_th_met_0,3,4,320,224,0,38,0.09,0.37,0.93333,1e-05,4e-05,1.0,42.95
fbg_n00_tshp_map006c_th_met_4,0,1,320,224,0,105,0.02,0.03,0.93337,0.00011,0.00015,1.0,-25.52
fbg_n00_tshp_map007_th_orc_0,0,1,400,224,1,40,0.01,0.01,0.93336,8e-05,7e-05,1.0,-0.32
fbg_n00_tshp_map008_th_upr_0,0,1,432,224,1,78,0.04,0.05,0.93322,0.00011,0.00012,1.0,-5.79
fbg_n00_tshp_map009_th_bst_0,0,2,320,224,0,16,0.03,0.03,0.93341,0.00011,0.00013,1.0,5.9
fbg_n00_tshp_map009_th_bst_0,1,2,320,224,0,112,0.09,0.25,0.93345,0.0,0.0001,1.0,-14.36
fbg_n00_tshp_map011_th_stg_0,0,3,320,448,0,91,0.06,2.12,0.93323,2e-05,0.00018,1.0,14.53
fbg_n00_tshp_map011_th_stg_0,1,3,320,224,0,97,0.01,0.02,0.93345,0.0,0.0001,1.0,-14.36
fbg_n00_tshp_map011_th_stg_0,2,3,320,224,0,87,0.12,0.49,0.93341,9e-05,0.00019,1.0,16.23
fbg_n00_tshp_map011c_th_stg_3,0,3,320,224,0,89,0.03,0.28,0.93342,3e-05,0.00019,1.0,17.71
fbg_n00_tshp_map011c_th_stg_3,1,3,800,224,1,80,0.1,0.19,0.93323,5e-05,7e-05,1.0,4.24
fbg_n00_tshp_map011c_th_stg_3,2,3,416,304,1,97,0.01,0.02,0.9334,3e-05,3e-05,1.0,-18.34
fbg_n00_tshp_map011f_th_stg_6,0,4,320,224,0,35,0.37,0.59,0.93334,5e-05,0.00019,1.0,4.73
fbg_n00_tshp_map011f_th_stg_6,1,4,320,224,0,97,0.0,0.01,0.93336,1e-05,0.0,1.0,0.21
fbg_n00_tshp_map011f_th_stg_6,2,4,320,224,0,92,0.27,1.09,0.93337,0.0001,0.00015,1.0,-0.36
fbg_n00_tshp_map011f_th_stg_6,3,4,320,224,0,86,0.08,0.3,0.93343,0.00012,0.00018,1.0,12.62
fbg_n00_tshp_map011j_th_stg_a,0,3,320,224,0,97,0.04,0.1,0.93331,0.00011,0.00012,1.0,-20.06
fbg_n00_tshp_map011j_th_stg_a,1,3,320,224,0,97,0.03,0.08,0.93328,5e-05,0.00013,1.0,-33.62
fbg_n00_tshp_map011j_th_stg_a,2,3,320,224,0,93,0.01,0.32,0.93344,0.0,0.00019,1.0,13.73
fbg_n00_tshp_map011m_th_stg_d,0,2,366,256,0,97,0.02,0.02,0.93345,0.0,0.0001,1.0,-14.36
fbg_n00_tshp_map011m_th_stg_d,1,2,549,256,1,97,0.04,0.08,0.93328,5e-05,0.00013,1.0,-33.62
fbg_n00_tshp_map012_th_egr_0,0,1,448,224,1,154,0.0,0.0,0.93333,0.0,7e-05,1.0,-43.28
fbg_n00_tshp_map012a_th_egr_1,0,1,320,224,0,40,0.02,0.02,0.93333,8e-05,0.00011,1.0,33.77
fbg_n00_tshp_map013_th_bsu_0,0,1,320,224,0,87,0.0,0.0,0.93335,0.0,0.0,1.0,-0.0
fbg_n00_tshp_map014_th_ust_0,0,1,320,272,0,77,0.01,0.01,0.93323,5e-05,0.00015,1.0,14.43
fbg_n00_tshp_map015_th_cpt_0,0,1,366,256,0,46,0.01,0.01,0.93342,8e-05,9e-05,1.0,-8.54
fbg_n01_alxt_map016_at_msa_0,0,1,320,592,1,81,0.05,0.07,0.93339,0.00011,0.00017,1.0,-38.49
fbg_n01_alxt_map017_at_msb_0,0,1,640,224,1,160,0.02,0.02,0.93336,7e-05,9e-05,1.0,-2.2
fbg_n01_alxt_map018_at_msc_0,0,1,384,288,0,72,0.01,0.05,0.93328,4e-05,0.00012,1.0,-2.15
fbg_n01_alxt_map019n_at_cnt_n,0,1,640,448,1,162,0.06,0.08,0.9334,0.00014,5e-05,1.0,-28.5
fbg_n01_alxt_map020_at_cnt_1,0,1,320,224,0,19,0.66,23.15,0.93329,8e-05,0.00014,1.0,4.09
fbg_n01_alxt_map021_at_bst_0,0,1,320,320,0,32,0.02,0.03,0.93336,0.00013,0.00017,1.0,1.2
fbg_n01_alxt_map022_at_tss_0,0,1,528,432,1,153,0.01,0.01,0.93336,7e-05,0.0001,1.0,-37.45
fbg_n01_alxt_map023_at_rof_0,0,2,416,672,1,410,0.03,0.03,0.9334,1e-05,0.00012,1.0,-49.12
fbg_n01_alxt_map023_at_rof_0,1,2,320,224,0,39,0.0,0.08,0.93336,2e-05,9e-05,1.0,0.2
fbg_n01_alxt_map025_at_gat_0,0,1,480,224,1,164,0.02,0.05,0.9334,5e-05,0.00013,1.0,1.93
fbg_n01_alxt_map026_at_sin_0,0,1,432,512,1,75,0.05,0.06,0.93341,0.0001,0.0001,1.0,0.66
fbg_n01_alxt_map027_at_sln_0,0,1,560,336,1,115,0.03,0.04,0.93338,0.00012,0.00016,1.0,-31.4
fbg_n01_alxt_map028_at_inn_0,0,1,448,480,1,149,0.03,0.06,0.93339,8e-05,5e-05,1.0,-33.77
fbg_n01_alxt_map029_at_sth_0,0,1,416,224,1,101,0.01,0.01,0.9334,4e-05,0.00013,1.0,-0.57
fbg_n01_alxt_map029a_at_hom_a,0,1,352,416,0,117,0.07,0.09,0.93343,0.00017,0.00012,1.0,-34.39
fbg_n01_alxt_map030_at_hom_0,0,1,480,448,1,76,0.02,0.03,0.93328,4e-05,0.00011,1.0,-18.93
fbg_n01_alxt_map031_at_wpn_0,0,1,384,272,0,54,0.02,0.04,0.9334,3e-05,5e-05,1.0,-8.0
fbg_n01_alxt_map032_at_itm_0,0,1,320,224,0,33,0.05,0.06,0.93327,0.00013,8e-05,1.0,-15.03
fbg_n01_alxt_map033_at_mgc_0,0,1,432,224,1,68,0.0,0.01,0.93333,5e-05,0.00019,1.0,-1.73
fbg_n01_alxt_map820_at_msa_a,0,1,320,592,1,98,0.06,0.07,0.93339,0.00011,0.00017,1.0,-38.49
fbg_n01_alxt_map820a_at_msa_b,0,1,320,592,1,74,0.05,0.07,0.93339,0.00011,0.00017,1.0,-38.49
fbg_n01_alxt_map821_at_msb_a,0,1,640,224,1,149,0.02,0.02,0.93336,7e-05,9e-05,1.0,-2.2
fbg_n01_alxt_map821a_at_msb_b,0,1,640,224,1,138,0.02,0.02,0.93336,7e-05,9e-05,1.0,-2.2
fbg_n01_alxt_map822_at_msc_a,0,1,384,288,0,69,0.01,0.05,0.93328,4e-05,0.00012,1.0,-2.15
fbg_n01_alxt_map822a_at_msc_b,0,1,384,288,0,67,0.01,0.05,0.93328,4e-05,0.00012,1.0,-2.15
fbg_n01_alxt_map823_at_cnt_a,0,1,640,448,1,128,0.06,0.08,0.9334,0.00014,5e-05,1.0,-28.5
fbg_n01_alxt_map823a_at_cnt_b,0,1,640,448,1,116,0.06,0.08,0.9334,0.00014,5e-05,1.0,-28.5
fbg_n01_alxt_map824_at_bst_a,0,1,320,320,0,61,0.01,0.02,0.93336,0.00013,0.00017,1.0,1.2
fbg_n01_alxt_map825_at_tss_a,0,1,528,432,1,150,0.01,0.01,0.93336,7e-05,0.0001,1.0,-37.45
fbg_n01_alxt_map826_at_gat_a,0,1,480,224,1,160,0.02,0.05,0.9334,5e-05,0.00013,1.0,1.93
fbg_n01_alxt_map826a_at_gat_b,0,1,480,224,1,144,0.02,0.05,0.9334,5e-05,0.00013,1.0,1.93
fbg_n01_alxt_map827_at_sin_a,0,1,432,512,1,77,0.05,0.06,0.93341,0.0001,0.0001,1.0,0.66
fbg_n01_alxt_map830_at_msa_w,0,1,320,592,1,102,0.05,0.07,0.93339,0.00011,0.00017,1.0,-38.49
fbg_n01_alxt_map832_at_msc_w,0,1,384,288,0,51,0.01,0.04,0.93328,4e-05,0.00012,1.0,-2.15
fbg_n01_alxt_map833_at_cnt_w,0,1,640,448,1,130,0.06,0.09,0.9334,0.00014,5e-05,1.0,-28.5
fbg_n01_alxt_map834_at_bst_w,0,1,320,320,0,60,0.02,0.02,0.93336,0.00013,0.00017,1.0,1.2
fbg_n01_alxt_map835_at_tss_w,0,1,528,432,1,132,0.01,0.01,0.93336,7e-05,0.0001,1.0,-37.45
fbg_n01_alxt_map837_at_sin_w,0,1,432,512,1,69,0.05,0.06,0.93341,0.0001,0.0001,1.0,0.66
fbg_n01_alxt_map839_at_inn_w,0,1,448,480,1,137,0.03,0.06,0.93339,8e-05,5e-05,1.0,-33.77
fbg_n02_alxc_map034_ac_fgo_0,0,1,480,272,1,44,0.0,0.0,0.93335,0.0,0.0,1.0,-0.0
fbg_n02_alxc_map034a_ac_gto_0,0,1,416,368,1,219,0.02,0.02,0.93324,1e-05,3e-05,1.0,-31.56
fbg_n02_alxc_map035_ac_rtw_0,0,1,368,320,0,49,0.02,0.03,0.93329,7e-05,0.0001,1.0,-5.2
fbg_n02_alxc_map036_ac_ltw_0,0,1,320,448,0,42,0.02,0.06,0.93332,9e-05,0.00014,1.0,-21.07
fbg_n02_alxc_map038a_ac_ast_1,0,1,480,224,1,14,0.06,0.08,0.93343,5e-05,0.00023,1.0,2.01
fbg_n02_alxc_map038b_ac_ast_2,0,1,480,224,1,14,0.06,0.07,0.93343,5e-05,0.00023,1.0,2.01
fbg_n02_alxc_map038c_ac_ast_3,0,1,480,224,1,14,0.06,0.07,0.93343,5e-05,0.00023,1.0,2.01
fbg_n02_alxc_map039_ac_rst_0,0,2,320,336,0,172,0.01,0.01,0.93324,6e-05,0.00011,1.0,-28.83
fbg_n02_alxc_map039_ac_rst_0,1,2,320,224,0,172,0.04,0.04,0.93326,0.00014,6e-05,1.0,16.93
fbg_n02_alxc_map039a_ac_rst_1,0,1,320,224,0,92,0.03,0.04,0.93326,0.00014,6e-05,1.0,16.93
fbg_n02_alxc_map040_ac_h3f_0,0,2,432,418,1,175,0.03,0.07,0.9333,8e-05,8e-05,1.0,-52.18
fbg_n02_alxc_map040_ac_h3f_0,1,2,320,336,0,175,0.02,0.24,0.93339,5e-05,8e-05,1.0,5.27
fbg_n02_alxc_map041a_ac_h2f_1,0,2,320,224,0,168,0.05,0.26,0.93322,9e-05,0.00013,1.0,-2.77
fbg_n02_alxc_map041a_ac_h2f_1,1,2,432,418,1,174,0.03,0.07,0.9333,8e-05,8e-05,1.0,-52.18
fbg_n02_alxc_map042_ac_gdr_0,0,1,366,256,0,46,0.02,0.02,0.93343,4e-05,7e-05,1.0,-35.0
fbg_n02_alxc_map043_ac_ptr_0,0,1,640,224,1,83,0.02,0.02,0.93342,6e-05,7e-05,1.0,0.39
fbg_n02_alxc_map044_ac_ktn_0,0,1,400,320,1,61,0.05,0.07,0.93324,0.00016,0.00017,1.0,-25.34
fbg_n02_alxc_map045_ac_lbr_0,0,1,416,288,1,95,0.01,0.02,0.93341,5e-05,9e-05,1.0,-33.74
fbg_n02_alxc_map045a_ac_lbr_1,0,1,320,224,0,43,0.03,0.03,0.93336,8e-05,9e-05,1.0,-3.65
fbg_n02_alxc_map046_ac_fti_0,0,2,352,304,0,281,0.04,0.04,0.93331,0.0001,9e-05,1.0,-60.29
fbg_n02_alxc_map046_ac_fti_0,1,2,640,336,1,279,0.06,0.07,0.93328,0.00012,8e-05,1.0,-4.48
fbg_n02_alxc_map056_ac_lti_0,0,1,320,320,0,93,0.01,0.01,0.93337,5e-05,0.00012,1.0,-71.49
fbg_n02_alxc_map056a_ac_lti_1,0,1,320,336,0,113,0.07,0.25,0.9334,0.0001,0.0002,1.0,3.77
fbg_n02_alxc_map056b_ac_lti_2,0,1,320,400,0,190,0.02,0.03,0.93333,6e-05,0.00018,1.0,-44.81
fbg_n02_alxc_map057_ac_ltt_0,0,1,320,224,0,26,0.05,0.09,0.93342,0.0001,0.00012,1.0,-2.71
fbg_n02_alxc_map061a_ac_lth_0,0,1,384,272,0,67,0.04,0.09,0.93324,5e-05,0.00019,1.0,-1.62
fbg_n02_alxc_map850_ac_lbr_a,0,2,416,288,1,117,0.01,0.02,0.93341,5e-05,9e-05,1.0,-33.74
fbg_n02_alxc_map850_ac_lbr_a,1,2,320,224,0,103,0.15,0.39,0.93336,8e-05,9e-05,1.0,-3.65
fbg_n02_alxc_map852_ac_fgo_a,0,1,480,272,1,45,0.0,0.0,0.93335,0.0,0.0,1.0,-0.0
fbg_n02_alxc_map853_ac_gto_a,0,1,416,368,1,242,0.01,0.02,0.93324,1e-05,3e-05,1.0,-31.56
fbg_n02_alxc_map853a_ac_rst_a,0,2,320,336,0,151,0.01,0.01,0.93324,6e-05,0.00011,1.0,-28.83
fbg_n02_alxc_map853a_ac_rst_a,1,2,320,224,0,151,0.03,0.04,0.93326,0.00014,6e-05,1.0,16.93
fbg_n02_alxc_map854_ac_rtw_a,0,1,368,320,0,50,0.02,0.03,0.93329,7e-05,0.0001,1.0,-5.2
fbg_n02_alxc_map855_ac_ltw_a,0,1,320,448,0,48,0.02,0.06,0.93332,9e-05,0.00014,1.0,-21.07
fbg_n02_alxc_map856_ac_rth_0,0,1,352,272,0,102,0.02,0.04,0.93344,6e-05,0.00017,1.0,9.84
fbg_n02_alxc_map856a_ac_rth_1,0,1,448,288,1,240,0.0,0.01,0.93335,1e-05,0.00015,1.0,-57.51
fbg_n02_alxc_map857_ac_jil_0,0,2,320,288,0,82,0.1,0.55,0.93349,8e-05,6e-05,1.0,35.13
fbg_n02_alxc_map857_ac_jil_0,1,2,640,224,1,84,0.01,0.01,0.93335,0.0,0.0,1.0,-0.0
fbg_n02_alxc_map857b_ac_jil_2,0,1,640,448,1,155,0.04,0.04,0.93324,2e-05,5e-05,1.0,-31.68
fbg_n02_alxc_map858_ac_qrm_0,0,2,416,288,1,155,0.03,0.13,0.93323,5e-05,0.00015,1.0,-20.3
fbg_n02_alxc_map858_ac_qrm_0,1,2,320,320,0,124,0.08,0.54,0.93324,5e-05,0.00014,1.0,7.6
fbg_n02_alxc_map860_ac_ryh_0,0,1,528,272,1,148,0.02,0.03,0.93327,8e-05,5e-05,1.0,6.9
fbg_n02_alxc_map861_ac_dgr_0,0,1,480,224,1,215,0.01,0.01,0.93331,6e-05,9e-05,1.0,2.2
fbg_n02_alxc_map864_ac_srm_0,0,1,384,560,1,273,0.0,0.01,0.9334,8e-05,8e-05,1.0,-47.7
fbg_n02_alxc_map865_ac_fms_0,0,1,480,368,1,171,0.03,0.04,0.93338,9e-05,6e-05,1.0,-31.7
fbg_n02_alxc_map866_ac_maa_0,0,2,416,304,1,227,0.03,0.03,0.93322,0.00012,7e-05,1.0,-0.9
fbg_n02_alxc_map866_ac_maa_0,1,2,384,272,0,75,0.05,0.38,0.93333,0.0001,0.0002,1.0,-7.65
fbg_n02_alxc_map868_ac_sta_0,0,1,432,400,1,138,0.02,0.02,0.93331,7e-05,0.0002,1.0,-31.42
fbg_n02_alxc_map869_ac_stb_0,0,1,432,400,1,203,0.02,0.02,0.93329,4e-05,0.00015,1.0,-38.23
fbg_n02_alxc_map871_ac_tsp_0,0,1,320,400,0,186,0.01,0.02,0.93327,5e-05,0.00011,1.0,-38.67
fbg_n02_alxc_map873_ac_brg_0,0,1,320,560,1,223,0.02,0.02,0.93337,9e-05,0.00024,1.0,-57.9
fbg_n02_alxc_map874_ac_atp_0,0,1,368,256,0,147,0.03,0.04,0.93335,0.00011,7e-05,1.0,-4.9
fbg_n02_alxc_map875_ac_btp_0,0,1,320,272,0,70,0.01,0.01,0.93332,5e-05,2e-05,1.0,-1.79
fbg_n02_alxc_map876_ac_pot_0,0,1,416,320,1,105,0.03,0.04,0.93341,9e-05,0.0002,1.0,-27.7
fbg_n02_alxc_map877_ac_pot_1,0,1,416,320,1,105,0.03,0.04,0.93341,9e-05,0.0002,1.0,-27.7
fbg_n02_alxc_map878a_ac_rst_x,0,2,320,336,0,140,0.01,0.01,0.93324,6e-05,0.00011,1.0,-28.83
fbg_n02_alxc_map878a_ac_rst_x,1,2,320,224,0,140,0.03,0.04,0.93326,0.00014,6e-05,1.0,16.93
fbg_n02_alxc_map879_ac_str_0,0,1,320,496,1,173,0.0,0.0,0.93335,2e-05,8e-05,1.0,1.3
fbg_n02_alxc_map880_ac_ctp_0,0,1,432,320,1,72,0.04,0.05,0.93323,0.00011,7e-05,1.0,6.49
fbg_n02_alxc_map881_ac_st1_0,0,1,368,368,0,94,0.04,0.04,0.93341,0.00011,7e-05,1.0,-24.46
fbg_n02_alxc_map882_ac_st2_0,0,1,320,304,0,53,0.04,0.31,0.93333,5e-05,0.00011,1.0,23.16
fbg_n02_alxc_map883_ac_st3_0,0,1,368,272,0,82,0.04,0.07,0.93341,0.00013,5e-05,1.0,-3.77
fbg_n02_alxc_map884_ac_alt_0,0,1,448,320,1,240,0.0,0.0,0.93331,2e-05,7e-05,1.0,-43.59
fbg_n02_alxc_map885_ac_alt_1,0,1,368,256,0,87,0.04,0.05,0.93324,9e-05,0.00021,1.0,4.64
fbg_n02_alxc_map885a_ac_gto_b,0,1,416,368,1,219,0.02,0.02,0.93324,1e-05,3e-05,1.0,-31.56
fbg_n02_alxc_map885b_ac_dgr_a,0,1,480,224,1,179,0.01,0.01,0.93331,6e-05,9e-05,1.0,2.2
fbg_n02_alxc_map886_ac_dta_w,0,1,320,400,0,187,0.01,0.02,0.93327,5e-05,0.00011,1.0,-38.67
fbg_n02_alxc_map888_ac_gto_w,0,1,416,368,1,212,0.01,0.01,0.93324,1e-05,3e-05,1.0,-31.56
fbg_n02_alxc_map889_ac_ltw_w,0,1,320,448,0,38,0.02,0.06,0.93332,9e-05,0.00014,1.0,-21.07
fbg_n02_alxc_map890_ac_lth_w,0,1,384,272,0,38,0.04,0.08,0.93324,5e-05,0.00019,1.0,-1.62
fbg_n03_bshp_map062_bt_frt_0,0,1,384,336,0,163,0.02,0.02,0.93326,9e-05,9e-05,1.0,-41.22
fbg_n03_bshp_map063_bt_cf1_0,0,1,320,224,0,232,0.02,0.18,0.93331,0.0001,7e-05,1.0,8.28
fbg_n03_bshp_map065_bt_ccd_0,0,2,480,224,1,85,0.03,0.05,0.93339,9e-05,9e-05,1.0,-65.1
fbg_n03_bshp_map065_bt_ccd_0,1,2,480,224,1,85,0.03,0.05,0.93339,9e-05,9e-05,1.0,-65.1
fbg_n03_bshp_map066_bt_ccr_0,0,1,480,336,1,101,0.02,0.06,0.93325,6e-05,0.00015,1.0,-38.23
fbg_n03_bshp_map067_bt_cmr_0,0,1,336,240,0,72,0.0,0.01,0.9333,6e-05,0.00024,1.0,-26.82
fbg_n03_bshp_map068_bt_cus_0,0,2,320,336,0,90,0.01,0.02,0.93335,0.0001,4e-05,1.0,-40.2
fbg_n03_bshp_map068_bt_cus_0,1,2,320,336,0,90,0.01,0.02,0.93335,0.0001,4e-05,1.0,-40.2
fbg_n03_bshp_map068a_bt_str_0,0,1,480,432,1,58,0.03,0.04,0.93327,0.00013,0.00013,1.0,-44.66
fbg_n03_bshp_map069_bt_cnr_0,0,1,480,224,1,85,0.01,0.02,0.93334,4e-05,0.00012,1.0,2.62
fbg_n03_bshp_map070_bt_gtr_0,0,1,384,272,0,84,0.02,0.03,0.93343,0.00011,0.00015,1.0,-29.28
fbg_n03_bshp_map071_bt_ccp_0,0,1,366,256,0,66,0.01,0.01,0.93342,8e-05,9e-05,1.0,-8.54
fbg_n04_evft_map072_ef_ent_0,0,1,480,256,1,87,0.01,0.01,0.93332,5e-05,0.00016,1.0,-36.49
fbg_n04_evft_map073_ef_fr1_0,0,1,384,448,0,118,0.02,0.04,0.93344,0.00012,0.00016,1.0,-31.5
fbg_n04_evft_map074_ef_fr2_0,0,1,384,448,0,136,0.04,0.11,0.93324,9e-05,0.00018,1.0,-22.4
fbg_n04_evft_map075_ef_nrv_0,0,1,320,224,0,20,0.01,0.04,0.93336,8e-05,0.00014,1.0,13.0
fbg_n04_evft_map076_ef_hel_0,0,1,480,272,1,116,0.06,0.08,0.93333,0.00016,0.00012,1.0,-33.73
fbg_n04_evft_map077_ef_nsp_0,0,1,400,352,1,93,0.01,0.02,0.93332,5e-05,0.00015,1.0,-43.11
fbg_n04_evft_map078_ef_fr3_0,0,1,320,560,1,94,0.04,0.05,0.93334,0.00012,0.00019,1.0,-53.74
fbg_n04_evft_map079_ef_dep_0,0,1,416,336,1,239,0.04,0.06,0.93337,0.00011,0.00011,1.0,-38.74
fbg_n04_evft_map080_ef_fr4_0,0,1,480,336,1,53,0.01,0.03,0.93333,0.00011,0.00013,1.0,-24.95
fbg_n04_evft_map081_ef_fr5_0,0,1,320,448,0,55,0.02,0.04,0.93337,8e-05,6e-05,1.0,0.41
fbg_n04_evft_map082_ef_fr6_0,0,1,800,224,1,16,0.02,0.02,0.93335,9e-05,0.00022,1.0,1.86
fbg_n04_evft_map083_ef_ext_0,0,1,320,224,0,10,0.03,0.06,0.93342,8e-05,9e-05,1.0,-0.7
fbg_n04_evft_map084_ef_tnt_0,0,1,368,256,0,41,0.03,0.1,0.93326,6e-05,4e-05,1.0,2.76
fbg_n05_iccv_map085_ic_ent_0,0,1,352,560,1,22,0.03,0.16,0.93336,4e-05,0.00013,1.0,25.49
fbg_n05_iccv_map086_ic_stp_0,0,1,320,368,0,153,0.05,0.1,0.93342,4e-05,0.0002,1.0,-4.0
fbg_n05_iccv_map087_ic_ter_0,0,1,480,336,1,185,0.04,0.04,0.93336,8e-05,0.00019,1.0,-24.66
fbg_n05_iccv_map088_ic_jmp_0,0,1,592,336,1,212,0.02,0.02,0.93327,9e-05,0.00013,1.0,-12.58
fbg_n05_iccv_map089_ic_bri_0,0,1,432,496,1,129,0.03,0.04,0.93325,8e-05,7e-05,1.0,-62.2
fbg_n05_iccv_map090_ic_men_0,0,1,320,448,0,96,0.03,0.05,0.93341,0.00013,0.00017,1.0,-28.69
fbg_n05_iccv_map091_ic_mrm_0,0,1,320,288,0,60,0.07,0.09,0.93327,0.00011,0.00011,1.0,-24.31
fbg_n05_iccv_map092_ic_sta_0,0,1,464,336,1,71,0.03,0.07,0.93322,5e-05,6e-05,1.0,-12.84
fbg_n05_iccv_map093_ic_wbf_0,0,1,320,400,0,89,0.03,0.2,0.93329,6e-05,0.00013,1.0,4.3
fbg_n05_iccv_map094_ic_waf_0,0,1,320,400,0,88,0.03,0.2,0.93329,6e-05,0.00013,1.0,4.3
fbg_n05_iccv_map095_ic_caf_0,0,1,320,320,0,49,0.02,0.02,0.93333,6e-05,0.0002,1.0,-8.69
fbg_n05_iccv_map096_ic_xit_0,0,1,320,224,0,28,0.02,0.03,0.93329,9e-05,0.00013,1.0,1.73
fbg_n06_vgdl_map097_dl_viw_0,0,1,480,336,1,52,0.0,0.01,0.9334,4e-05,0.00015,1.0,3.27
fbg_n06_vgdl_map098_dl_ent_0,0,1,320,224,0,140,0.01,0.03,0.93332,5e-05,0.00011,1.0,-2.59
fbg_n06_vgdl_map099_dl_whl_0,0,1,448,576,1,309,0.01,0.02,0.93331,9e-05,8e-05,1.0,-49.73
fbg_n06_vgdl_map100_dl_fwm_0,0,1,320,224,0,56,0.01,0.02,0.93339,1e-05,0.00016,1.0,-38.84
fbg_n06_vgdl_map101_dl_inn_0,0,1,480,336,1,80,0.01,0.02,0.93335,9e-05,0.00013,1.0,-27.73
fbg_n06_vgdl_map102_dl_inn_1,0,2,480,336,1,77,0.02,0.02,0.93334,0.00011,6e-05,1.0,-33.25
fbg_n06_vgdl_map102_dl_inn_1,1,2,480,224,1,77,0.0,0.01,0.93327,5e-05,0.0001,1.0,-28.16
fbg_n06_vgdl_map103_dl_shp_0,0,1,320,224,0,34,0.01,0.02,0.93333,0.00013,0.00019,1.0,-34.29
fbg_n06_vgdl_map104_dl_myr_0,0,1,416,288,1,83,0.01,0.02,0.93341,8e-05,0.00024,1.0,-28.79
fbg_n06_vgdl_map105_dl_bar_0,0,2,416,224,1,62,0.02,0.03,0.93321,2e-05,9e-05,1.0,-18.87
fbg_n06_vgdl_map105_dl_bar_0,1,2,320,224,0,60,0.05,0.06,0.93326,0.0,0.00018,1.0,-21.56
fbg_n06_vgdl_map106_dl_wms_0,0,1,416,224,1,90,0.01,0.04,0.93328,0.00011,0.00011,1.0,-25.82
fbg_n06_vgdl_map107_dl_wms_1,0,1,320,224,0,88,0.01,0.01,0.93323,4e-05,0.00022,1.0,-54.39
fbg_n07_airp_map108_ap_fid_0,0,1,432,224,1,103,0.02,0.03,0.93331,0.0001,0.00019,1.0,-19.96
fbg_n07_airp_map109_ap_air_0,0,1,480,224,1,4,0.07,0.1,0.93328,8e-05,5e-05,1.0,11.04
fbg_n07_airp_map109a_ap_air_1,0,1,320,224,0,2,0.02,0.03,0.93344,0.00011,0.00021,1.0,11.78
fbg_n07_airp_map109b_ap_air_2,0,1,320,224,0,169,0.06,0.35,0.93329,0.00011,0.00015,1.0,-26.16
fbg_n07_airp_map109c_ap_air_3,0,1,320,256,0,52,0.07,0.27,0.93323,2e-05,9e-05,1.0,19.78
fbg_n07_airp_map110_ap_wte_0,0,1,352,240,0,108,0.03,0.03,0.93337,0.00012,0.00012,1.0,-8.2
fbg_n07_airp_map110a_ap_wte_1,0,1,640,240,1,22,0.01,0.02,0.93337,6e-05,0.00013,1.0,-12.46
fbg_n07_airp_map111_ap_wti_0,0,1,320,224,0,34,0.01,0.01,0.9333,9e-05,0.00013,1.0,-14.44
fbg_n08_udft_map120_uf_ent_0,0,1,432,352,1,200,0.01,0.01,0.93331,6e-05,0.00019,1.0,-7.62
fbg_n08_udft_map121_uf_rst_0,0,1,480,320,1,107,0.01,0.02,0.93337,2e-05,0.00015,1.0,-39.17
fbg_n08_udft_map122_uf_sto_0,0,1,384,304,0,86,0.04,0.06,0.93338,0.00013,0.00013,1.0,-0.45
fbg_n08_udft_map123_uf_sto_1,0,1,448,288,1,243,0.07,0.09,0.93336,0.00015,0.00012,1.0,-32.71
fbg_n08_udft_map124_uf_egg_0,0,1,640,368,1,101,0.06,0.08,0.9333,0.00011,8e-05,1.0,-49.16
fbg_n08_udft_map125_uf_dev_0,0,1,480,224,1,99,0.03,0.05,0.9334,6e-05,0.00022,1.0,0.24
fbg_n08_udft_map126_uf_mst_0,0,1,400,272,1,37,0.07,0.14,0.93321,0.00014,0.00014,1.0,25.4
fbg_n08_udft_map127_uf_blk_0,0,1,320,224,0,40,0.01,0.1,0.93328,4e-05,0.00018,1.0,7.72
fbg_n08_udft_map128_uf_blk_1,0,1,640,448,1,85,0.06,0.1,0.9333,0.00014,6e-05,1.0,-30.08
fbg_n09_cshp_map140_ca_dck_0,0,1,512,240,1,68,0.03,0.03,0.93326,9e-05,7e-05,1.0,-35.87
fbg_n09_cshp_map140a_ca_dck_w,0,1,512,240,1,63,0.03,0.03,0.93326,9e-05,7e-05,1.0,-35.87
fbg_n09_cshp_map141_ca_dck_1,0,1,320,336,0,36,0.07,0.09,0.93327,0.0001,0.0001,1.0,6.38
fbg_n09_cshp_map142_ca_erm_0,0,1,432,272,1,53,0.02,2.42,0.93324,0.00011,0.00019,1.0,0.95
fbg_n09_cshp_map143_ca_cop_0,0,1,336,240,0,41,0.04,0.06,0.93324,0.0001,8e-05,1.0,-4.05
fbg_n09_cshp_map144_ca_cop_1,0,1,336,240,0,41,0.04,0.06,0.93324,0.0001,8e-05,1.0,-4.05
fbg_n09_cshp_map145_ca_rdk_0,0,1,640,256,1,27,0.0,0.0,0.93335,0.0,5e-05,1.0,0.1
fbg_n10_fnrl_map150_fn_dck_0,0,1,352,256,0,4,0.01,0.01,0.93343,4e-05,0.00011,1.0,17.27
fbg_n11_ldbm_map155_lb_mst_0,0,1,448,352,1,186,0.02,0.03,0.93342,4e-05,0.00013,1.0,-5.7
fbg_n11_ldbm_map156_lb_baz_0,0,1,480,288,1,222,0.01,0.11,0.93335,0.00011,0.00019,1.0,0.06
fbg_n11_ldbm_map157_lb_aly_0,0,1,384,608,1,181,0.05,0.05,0.93328,8e-05,7e-05,1.0,-65.12
fbg_n11_ldbm_map158_lb_plz_0,0,1,512,400,1,237,0.02,0.03,0.93339,9e-05,0.00019,1.0,-68.83
fbg_n11_ldbm_map159_lb_gat_0,0,1,352,240,0,90,0.01,0.01,0.93336,1e-05,0.00021,1.0,8.59
fbg_n11_ldbm_map160_lb_in1_0,0,1,384,272,0,236,0.02,0.12,0.93335,0.00011,0.0,1.0,-0.0
fbg_n11_ldbm_map161_lb_in2_0,0,1,480,320,1,131,0.02,0.03,0.93324,5e-05,7e-05,1.0,-52.81
fbg_n11_ldbm_map162_lb_mtm_0,0,1,320,448,0,118,0.02,0.08,0.93344,9e-05,0.00012,1.0,-13.61
fbg_n11_ldbm_map163_lb_hus_0,0,1,416,304,1,124,0.04,0.04,0.93342,0.00014,6e-05,1.0,-49.6
fbg_n11_ldbm_map164_lb_tmp_0,0,1,480,320,1,230,0.01,0.01,0.93336,3e-05,6e-05,1.0,0.29
fbg_n11_ldbm_map165_lb_itm_0,0,1,400,288,1,120,0.03,0.04,0.9334,7e-05,0.00013,1.0,-29.69
fbg_n11_ldbm_map166_lb_wpn_0,0,1,416,224,1,36,0.04,0.06,0.93322,7e-05,7e-05,1.0,0.9
fbg_n11_ldbm_map167_lb_ech_0,0,1,320,416,0,157,0.0,0.0,0.93325,0.0001,0.00017,1.0,-62.75
fbg_n11_ldbm_map168_lb_rfs_0,0,1,400,224,1,150,0.0,0.01,0.93331,3e-05,0.00019,1.0,-4.89
fbg_n11_ldbm_map169_lb_hig_0,0,1,320,416,0,110,0.02,0.03,0.93343,9e-05,0.00016,1.0,-2.38
fbg_n11_ldbm_map170_lb_fth_0,0,1,400,304,1,136,0.02,0.03,0.93335,8e-05,6e-05,1.0,-15.27
fbg_n11_ldbm_map171_lb_stn_0,0,1,432,288,1,143,0.02,0.07,0.93331,5e-05,4e-05,1.0,-19.44
fbg_n11_ldbm_map172_lb_atl_0,0,1,432,272,1,102,0.02,0.03,0.93344,0.0001,0.00015,1.0,-7.01
fbg_n11_ldbm_map173_lb_ttl_0,0,1,368,256,0,208,0.02,0.02,0.93337,9e-05,0.00022,1.0,-18.93
fbg_n11_ldbm_map174_lb_aet_0,0,1,400,272,1,261,0.02,0.04,0.9334,9e-05,0.00012,1.0,3.26
fbg_n11_ldbm_map175_lb_rod_0,0,1,320,400,0,191,0.01,0.02,0.93327,7e-05,9e-05,1.0,-13.18
fbg_n11_ldbm_map176_lb_ftm_0,0,1,416,288,1,115,0.04,0.05,0.93329,0.00014,0.00014,1.0,-14.14
fbg_n11_ldbm_map177_lb_ldh_0,0,1,432,288,1,129,0.03,0.03,0.93333,8e-05,0.00013,1.0,-25.11
fbg_n11_ldbm_map178_lb_sln_0,0,1,400,224,1,196,0.01,0.03,0.93337,5e-05,0.00022,1.0,-3.74
fbg_n11_ldbm_map180_lb_wgn_0,0,1,320,224,0,121,0.0,0.45,0.93335,7e-05,7e-05,1.0,-0.1
fbg_n11_ldbm_map181_lb_cag_0,0,1,416,336,1,58,0.03,0.04,0.93333,9e-05,0.00018,1.0,-35.87
fbg_n11_ldbm_map182_lb_sht_0,0,1,320,224,0,123,0.05,0.1,0.93335,0.00013,0.00019,1.0,4.92
fbg_n11_ldbm_map183_lb_lft_0,0,1,352,448,0,33,0.0,0.0,0.93335,0.0,0.0,1.0,-0.0
fbg_n11_ldbm_map184_lb_lpf_0,0,1,320,500,1,28,0.07,0.1,0.9334,0.00012,0.00012,1.0,-45.24
fbg_n11_ldbm_map185_lb_hfc_0,0,1,432,336,1,205,0.03,0.1,0.93344,1e-05,8e-05,1.0,-10.11
fbg_n11_ldbm_map186_lb_cfr_0,0,2,448,304,1,95,0.04,0.08,0.93341,0.00013,0.00015,1.0,-21.22
fbg_n11_ldbm_map186_lb_cfr_0,1,2,320,224,0,92,0.01,0.06,0.93326,7e-05,0.00012,1.0,-10.95
fbg_n11_ldbm_map187_lb_met_0,0,1,464,368,1,148,0.02,0.03,0.93323,4e-05,0.00013,1.0,-11.25
fbg_n11_ldbm_map187a_lb_met_a,0,1,464,368,1,148,0.02,0.03,0.93323,4e-05,0.00013,1.0,-11.25
fbg_n11_ldbm_map188_lb_uhw_0,0,1,544,272,1,133,0.07,0.1,0.9333,0.00013,0.00012,1.0,-25.69
fbg_n11_ldbm_map189_lb_lpr_0,0,1,480,352,1,167,0.0,0.01,0.93335,0.0,0.0,1.0,-0.0
fbg_n11_ldbm_map190_lb_obs_0,0,2,512,432,1,163,0.05,0.05,0.93339,8e-05,0.00011,1.0,-19.9
fbg_n11_ldbm_map190_lb_obs_0,1,2,320,224,0,163,0.14,0.22,0.93333,0.00012,0.00014,1.0,-20.82
fbg_n11_ldbm_map191_lb_asd_0,0,1,544,448,1,197,0.01,0.01,0.93335,0.0,0.0,1.0,-0.0
fbg_n11_ldbm_map191a_lb_asd_1,0,1,544,448,1,197,0.01,0.01,0.93335,0.0,0.0,1.0,-0.0
fbg_n11_ldbm_map191b_lb_asd_2,0,1,544,448,1,197,0.01,0.01,0.93335,0.0,0.0,1.0,-0.0
fbg_n11_ldbm_map192_lb_hal_0,0,1,400,272,1,120,0.02,0.04,0.9333,0.00012,8e-05,1.0,-6.27
fbg_n11_ldbm_map193_lb_mhw_0,0,1,544,358,1,167,0.01,0.01,0.93335,2e-05,0.0,1.0,-0.0
fbg_n11_ldbm_map194_lb_grm_0,0,1,576,400,1,265,0.02,0.04,0.93325,0.0001,0.00023,1.0,-59.31
fbg_n11_ldbm_map195_lb_ctm_0,0,1,448,320,1,159,0.02,0.14,0.93335,9e-05,0.0,1.0,-0.0
fbg_n11_ldbm_map196_lb_brg_0,0,1,320,448,0,24,0.0,0.01,0.93335,0.0,0.0,1.0,-0.0
fbg_n11_ldbm_map197_lb_shb_0,0,1,448,272,1,234,0.0,0.01,0.93335,0.0,0.00014,1.0,-0.1
fbg_n11_ldbm_map198_lb_exb_0,0,1,480,304,1,120,0.0,0.0,0.93335,0.0,0.0,1.0,-0.0
fbg_n11_ldbm_map199_lb_llp_0,0,1,544,384,1,130,0.01,0.01,0.93335,0.0,0.0,1.0,-0.0
fbg_n11_ldbm_map200_lb_pla_0,0,1,432,272,1,129,0.05,0.16,0.93345,0.00012,0.00014,1.0,-6.21
fbg_n11_ldbm_map201_lb_pot_0,0,1,448,224,1,158,0.03,0.03,0.93322,0.0001,0.00013,1.0,-0.9
fbg_n11_ldbm_map202_lb_sct_0,0,2,320,224,0,46,0.01,0.01,0.93338,6e-05,9e-05,1.0,-7.08
fbg_n11_ldbm_map202_lb_sct_0,1,2,320,224,0,46,0.0,0.0,0.93335,6e-05,7e-05,1.0,-0.01
fbg_n11_ldbm_map203_lb_hng_0,0,1,320,224,0,43,0.0,0.0,0.93335,6e-05,7e-05,1.0,-0.01
fbg_n11_ldbm_map204_lb_tsp_0,0,1,512,336,1,4,0.31,0.42,0.93322,9e-05,4e-05,1.0,-12.84
fbg_n11_ldbm_map910_lb_mst_w,0,1,448,352,1,183,0.02,0.03,0.93342,4e-05,0.00013,1.0,-5.7
fbg_n11_ldbm_map911_lb_baz_w,0,1,480,288,1,191,0.01,0.12,0.93335,0.00011,0.00019,1.0,0.06
fbg_n11_ldbm_map912_lb_plz_w,0,1,512,400,1,202,0.02,0.03,0.93339,9e-05,0.00019,1.0,-68.83
fbg_n11_ldbm_map913_lb_gat_w,0,1,352,240,0,90,0.01,0.01,0.93336,1e-05,0.00021,1.0,8.59
fbg_n11_ldbm_map914_lb_hus_w,0,1,416,304,1,119,0.04,0.04,0.93342,0.00014,6e-05,1.0,-49.6
fbg_n11_ldbm_map915_lb_wpn_w,0,1,416,224,1,38,0.04,0.06,0.93322,7e-05,7e-05,1.0,0.9
fbg_n11_ldbm_map916_lb_rfs_w,0,1,400,224,1,147,0.0,0.01,0.93331,3e-05,0.00019,1.0,-4.89
fbg_n11_ldbm_map917_lb_hig_w,0,1,320,416,0,84,0.01,0.01,0.93343,9e-05,0.00016,1.0,-2.38
fbg_n11_ldbm_map917a_lb_omg_w,0,1,480,320,1,110,0.03,0.04,0.93344,0.00013,0.00015,1.0,-30.94
fbg_n11_ldbm_map918_lb_obs_m,0,2,512,432,1,163,0.05,0.05,0.93339,8e-05,0.00011,1.0,-19.9
fbg_n11_ldbm_map918_lb_obs_m,1,2,320,224,0,163,0.14,0.22,0.93333,0.00012,0.00014,1.0,-20.82
fbg_n11_ldbm_map919_lb_ptm_m,0,1,448,224,1,164,0.03,0.03,0.93322,0.0001,0.00013,1.0,-0.9
fbg_n11_ldbm_map920_lb_mst_r,0,1,448,352,1,181,0.02,0.03,0.93342,4e-05,0.00013,1.0,-5.7
fbg_n11_ldbm_map921_lb_baz_r,0,1,480,288,1,205,0.01,0.12,0.93335,0.00011,0.00019,1.0,0.06
fbg_n11_ldbm_map922_lb_plz_r,0,1,512,400,1,233,0.02,0.03,0.93339,9e-05,0.00019,1.0,-68.83
fbg_n11_ldbm_map924_lb_hus_r,0,1,416,304,1,124,0.04,0.04,0.93342,0.00014,6e-05,1.0,-49.6
fbg_n11_ldbm_map925_lb_wpn_r,0,1,416,224,1,38,0.04,0.06,0.93322,7e-05,7e-05,1.0,0.9
fbg_n11_ldbm_map926_lb_rfs_r,0,1,400,224,1,160,0.0,0.01,0.93331,3e-05,0.00019,1.0,-4.89
fbg_n11_ldbm_map927_lb_hig_r,0,1,320,416,0,77,0.01,0.02,0.93343,9e-05,0.00016,1.0,-2.38
fbg_n12_gzml_map251_gz_ent_1,0,1,320,432,0,20,0.0,0.0,0.93335,0.0,0.0,1.0,-0.0
fbg_n12_gzml_map252_gz_cav_0,0,1,624,384,1,49,0.03,0.05,0.93339,9e-05,0.00019,1.0,-9.19
fbg_n12_gzml_map253_gz_cav_1,0,1,576,368,1,168,0.02,0.03,0.93329,7e-05,6e-05,1.0,-23.85
fbg_n12_gzml_map254_gz_hal_0,0,1,576,432,1,223,0.05,0.26,0.93325,0.00012,0.00015,1.0,-17.78
fbg_n12_gzml_map254a_gz_bel_0,0,1,384,256,0,49,0.0,0.0,0.93335,8e-05,0.0,1.0,-0.0
fbg_n12_gzml_map255_gz_xit_0,0,1,480,368,1,108,0.04,0.06,0.93326,9e-05,0.00017,1.0,-4.65
fbg_n12_gzml_map256_gz_xit_1,0,1,448,368,1,33,0.02,0.06,0.93335,0.00012,0.00019,1.0,-26.47
fbg_n13_brmc_map260_bu_ent_0,0,1,320,288,0,98,0.01,0.11,0.93331,2e-05,7e-05,1.0,19.15
fbg_n13_brmc_map261_bu_res_0,0,1,384,288,0,183,0.02,0.17,0.93345,9e-05,8e-05,1.0,2.03
fbg_n13_brmc_map263_bu_res_2,0,1,480,288,1,244,0.02,0.11,0.93337,8e-05,7e-05,1.0,-1.89
fbg_n13_brmc_map264_bu_bel_0,0,1,400,272,1,77,0.01,0.01,0.93345,4e-05,0.00021,1.0,-6.84
fbg_n13_brmc_map265_bu_cyd_0,0,1,418,320,1,251,0.01,0.02,0.93334,6e-05,0.00019,1.0,-12.38
fbg_n13_brmc_map266_bu_squ_0,0,1,416,256,1,248,0.01,0.15,0.93333,3e-05,0.00015,1.0,-6.0
fbg_n13_brmc_map267_bu_pal_0,0,1,320,496,1,142,0.04,0.11,0.93334,9e-05,0.00017,1.0,4.13
fbg_n13_brmc_map268_bu_srr_0,0,1,320,304,0,78,0.01,0.01,0.93328,2e-05,0.00015,1.0,-10.55
fbg_n13_brmc_map269_bu_srl_0,0,1,400,448,1,195,0.01,0.01,0.93321,0.00011,0.00013,1.0,-6.97
fbg_n13_brmc_map270_bu_den_0,0,1,416,336,1,74,0.02,0.03,0.93333,0.00014,0.00023,1.0,-35.83
fbg_n13_brmc_map271_bu_bed_0,0,1,480,256,1,76,0.01,0.01,0.93335,4e-05,2e-05,1.0,0.01
fbg_n13_brmc_map272_bu_pth_0,0,1,320,320,0,30,0.01,0.03,0.93331,7e-05,0.00012,1.0,19.6
fbg_n13_brmc_map273_bu_hal_0,0,1,336,240,0,40,0.0,0.0,0.93335,1e-05,3e-05,1.0,0.18
fbg_n13_brmc_map274_bu_hal_1,0,1,544,304,1,101,0.02,0.04,0.93325,9e-05,0.00016,1.0,-23.45
fbg_n13_brmc_map274a_bu_hal_2,0,1,544,304,1,101,0.02,0.04,0.93325,9e-05,0.00016,1.0,-23.45
fbg_n13_brmc_map275_bu_tre_0,0,1,320,272,0,51,0.0,0.01,0.93335,4e-05,0.0,1.0,-0.0
fbg_n13_brmc_map276_bu_wep_0,0,1,320,256,0,33,0.0,0.0,0.93335,0.0,0.0,1.0,-0.0
fbg_n13_brmc_map277_bu_int_0,0,1,544,224,1,133,0.06,0.08,0.93345,0.00011,5e-05,1.0,-10.18
fbg_n13_brmc_map278_bu_int_1,0,1,448,288,1,117,0.01,0.03,0.93335,3e-05,0.00013,1.0,13.79
fbg_n14_chcb_map300_ch_fst_0,0,1,320,432,0,143,0.02,0.02,0.9333,6e-05,3e-05,1.0,-52.81
fbg_n14_chcb_map301_ch_hlg_0,0,1,480,288,1,210,0.02,0.02,0.93323,1e-05,0.0,1.0,-83.92
fbg_n14_chcb_map302_ch_fgd_0,0,1,512,528,1,340,0.03,0.04,0.9333,0.00011,2e-05,1.0,-46.26
fbg_n14_chcb_map303_ch_dwl_0,0,1,336,480,1,87,0.0,0.01,0.93326,6e-05,0.00011,1.0,-5.34
fbg_n14_chcb_map304_ch_pds_0,0,1,480,528,1,218,0.06,4.1,0.93321,9e-05,0.00011,1.0,5.15
fbg_n14_chcb_map305_ch_pds_1,0,1,576,448,1,380,0.02,0.03,0.93343,4e-05,0.0002,1.0,-3.56
fbg_n15_kuin_map310_km_ent_0,0,1,512,512,1,42,0.03,0.03,0.93339,7e-05,0.0002,1.0,-66.74
fbg_n15_kuin_map311a_km_dwn_0,0,1,640,224,1,99,0.04,0.05,0.93324,7e-05,0.00014,1.0,-12.98
fbg_n15_kuin_map311b_km_dwn_1,0,1,480,352,1,158,0.02,0.04,0.93342,7e-05,0.0001,1.0,-18.06
fbg_n15_kuin_map311c_km_dwn_2,0,1,640,224,1,111,0.04,0.06,0.93324,7e-05,0.00014,1.0,-12.98
fbg_n15_kuin_map311d_km_dwn_3,0,1,640,224,1,174,0.03,0.04,0.93324,7e-05,0.00014,1.0,-12.98
fbg_n15_kuin_map315_km_red_0,0,1,512,512,1,64,0.04,0.06,0.93339,7e-05,0.0002,1.0,-66.74
fbg_n15_kuin_map316_km_swp_0,0,1,400,336,1,289,0.04,0.05,0.93319,7e-05,0.0001,1.0,-61.12
fbg_n15_kuin_map317_km_swp_1,0,1,400,336,1,256,0.02,0.02,0.93338,8e-05,0.00015,1.0,-55.5
fbg_n15_kuin_map318_km_swp_2,0,1,400,336,1,347,0.03,0.04,0.93321,4e-05,8e-05,1.0,-60.02
fbg_n15_kuin_map319_km_swp_3,0,1,400,336,1,154,0.01,0.02,0.9333,3e-05,0.00011,1.0,-61.92
fbg_n15_kuin_map320_km_the_0,0,1,640,448,1,167,0.09,0.14,0.93341,0.00012,7e-05,1.0,-7.56
fbg_n15_kuin_map321_km_thi_0,0,1,432,224,1,85,0.0,0.02,0.93336,5e-05,8e-05,1.0,0.22
fbg_n15_kuin_map322_km_fet_0,0,1,448,304,1,74,0.06,0.3,0.93323,0.0001,0.00022,1.0,2.77
fbg_n15_kuin_map322a_km_fet_1,0,1,400,368,1,48,0.01,0.01,0.93335,1e-05,0.0,1.0,-0.0
fbg_n16_stgt_map330_sg_rnd_0,0,1,320,416,0,43,0.02,0.04,0.93345,9e-05,0.00019,1.0,17.81
fbg_n16_stgt_map331_sg_rnd_1,0,2,560,304,1,187,0.01,0.03,0.93338,0.0,7e-05,1.0,-4.56
fbg_n16_stgt_map331_sg_rnd_1,1,2,336,240,0,90,0.08,0.21,0.93336,7e-05,8e-05,1.0,0.21
fbg_n16_stgt_map332_sg_rnd_3,0,2,352,448,0,95,0.02,0.03,0.93339,6e-05,0.00016,1.0,-13.4
fbg_n16_stgt_map332_sg_rnd_3,1,2,320,224,0,95,0.09,0.17,0.93325,9e-05,0.00019,1.0,-0.0
fbg_n16_stgt_map340_sg_trn_0,0,1,384,464,1,153,0.02,0.03,0.93336,8e-05,0.00016,1.0,-17.8
fbg_n16_stgt_map340a_sg_trn_1,0,1,336,368,0,106,0.21,1.34,0.93331,6e-05,0.00014,1.0,-7.84
fbg_n16_stgt_map341_sg_trn_2,0,1,416,464,1,170,0.02,0.02,0.9333,5e-05,9e-05,1.0,-49.77
fbg_n16_stgt_map341a_sg_trn_3,0,1,336,400,0,74,0.8,4.16,0.93329,8e-05,8e-05,1.0,-13.64
fbg_n16_stgt_map342_sg_top_0,0,2,512,432,1,202,0.03,0.04,0.93336,0.00015,9e-05,1.0,-17.21
fbg_n16_stgt_map342_sg_top_0,1,2,320,224,0,175,1.61,8.76,0.93325,9e-05,0.00019,1.0,-0.0
fbg_n16_stgt_map342x_sg_top_3,0,2,512,432,1,207,0.03,0.04,0.93336,0.00015,9e-05,1.0,-17.21
fbg_n16_stgt_map342x_sg_top_3,1,2,320,224,0,187,0.71,4.98,0.93325,9e-05,0.00019,1.0,-0.0
fbg_n16_stgt_map343_sg_top_1,0,2,576,400,1,205,0.02,0.03,0.93339,8e-05,0.00022,1.0,-33.11
fbg_n16_stgt_map343_sg_top_1,1,2,320,224,0,205,0.07,0.1,0.93325,9e-05,0.00019,1.0,-0.0
fbg_n16_stgt_map345_sg_top_2,0,1,512,240,1,65,0.03,0.04,0.93342,0.00014,0.00012,1.0,-23.46
fbg_n16_stgt_map350_sg_alx_0,0,2,352,448,0,86,0.02,0.02,0.93327,0.00013,8e-05,1.0,-49.0
fbg_n16_stgt_map350_sg_alx_0,1,2,320,224,0,86,0.19,0.19,0.93325,9e-05,0.00019,1.0,-0.0
fbg_n16_stgt_map351_sg_alx_1,0,1,432,352,1,142,0.03,0.05,0.93348,1e-05,7e-05,1.0,-46.76
fbg_n16_stgt_map352_sg_alx_2,0,1,608,336,1,106,0.04,0.05,0.93331,0.00014,0.0001,1.0,-14.8
fbg_n16_stgt_map352a_sg_alx_5,0,1,608,336,1,106,0.04,0.05,0.93331,0.00014,0.0001,1.0,-14.8
fbg_n16_stgt_map353_sg_alx_3,0,1,400,272,1,142,0.05,0.11,0.93325,0.00011,6e-05,1.0,1.02
fbg_n16_stgt_map354_sg_alx_4,0,1,432,256,1,121,0.03,0.04,0.93347,0.00014,6e-05,1.0,-54.42
fbg_n18_gtre_map360_gt_grd_0,0,1,336,496,1,127,0.04,0.06,0.93344,7e-05,0.00011,1.0,-50.36
fbg_n18_gtre_map361_gt_grd_1,0,1,336,496,1,99,0.02,0.03,0.93343,0.0,0.00011,1.0,-4.0
fbg_n18_gtre_map362_gt_grd_2,0,1,320,320,0,125,0.02,0.03,0.93344,4e-05,0.00017,1.0,-11.7
fbg_n18_gtre_map363_gt_dun_0,0,1,320,448,0,142,0.06,0.09,0.93347,0.0001,0.00012,1.0,-29.95
fbg_n18_gtre_map364_gt_dun_1,0,1,512,448,1,114,0.01,0.01,0.93331,8e-05,0.00011,1.0,-29.57
fbg_n18_gtre_map365_gt_dun_2,0,1,512,448,1,117,0.01,0.01,0.93331,8e-05,0.00011,1.0,-29.57
fbg_n18_gtre_map366_gt_dun_3,0,1,320,560,1,117,0.05,0.05,0.93341,8e-05,5e-05,1.0,-16.6
fbg_n18_gtre_map367_gt_dun_4,0,1,320,320,0,103,0.01,0.01,0.93335,7e-05,0.0001,1.0,-50.6
fbg_n18_gtre_map368_gt_dun_5,0,1,416,352,1,158,0.04,0.05,0.93321,7e-05,0.00012,1.0,2.43
fbg_n18_gtre_map369_gt_dun_6,0,1,320,448,0,126,0.03,0.05,0.93327,8e-05,8e-05,1.0,-18.46
fbg_n18_gtre_map370_gt_dun_7,0,1,640,448,1,60,0.0,0.01,0.9334,0.0001,8e-05,1.0,-42.0
fbg_n18_gtre_map371_gt_dun_8,0,1,528,224,1,121,0.01,0.07,0.93341,6e-05,2e-05,1.0,0.63
fbg_n18_gtre_map372_gt_dun_9,0,1,464,320,1,227,0.02,0.03,0.93329,8e-05,0.00011,1.0,-19.61
fbg_n18_gtre_map373_gt_dun_a,0,1,320,224,0,78,0.04,0.07,0.93328,0.00014,0.00017,1.0,-12.29
fbg_n18_gtre_map374_gt_dun_b,0,1,640,256,1,109,0.03,0.04,0.93323,8e-05,0.00012,1.0,-22.92
fbg_n18_gtre_map375_gt_dun_c,0,1,528,272,1,62,0.01,0.02,0.93342,4e-05,0.00016,1.0,-6.6
fbg_n18_gtre_map375x_gt_dun_d,0,1,528,272,1,62,0.01,0.02,0.93342,4e-05,0.00016,1.0,-6.6
fbg_n18_gtre_map376_gt_dun_e,0,1,384,352,0,68,0.03,0.04,0.93324,5e-05,6e-05,1.0,-15.3
fbg_n18_gtre_map376x_gt_dun_f,0,1,384,352,0,68,0.03,0.04,0.93324,5e-05,6e-05,1.0,-15.3
fbg_n19_clir_map380_cy_twn_0,0,1,320,432,0,67,0.02,0.05,0.93338,8e-05,0.00023,1.0,-6.29
fbg_n19_clir_map380x_cy_twn_1,0,1,320,432,0,67,0.02,0.05,0.93338,8e-05,0.00023,1.0,-6.29
fbg_n19_clir_map381_cy_twn_2,0,1,432,464,1,160,0.02,0.07,0.93339,1e-05,6e-05,1.0,14.1
fbg_n19_clir_map381a_cy_twn_4,0,1,592,224,1,96,0.02,0.03,0.93335,9e-05,0.00011,1.0,-8.2
fbg_n19_clir_map381x_cy_twn_3,0,1,416,464,1,160,0.02,0.07,0.93339,1e-05,6e-05,1.0,14.1
fbg_n19_clir_map382_cy_twn_5,0,1,608,288,1,144,0.03,0.04,0.93335,9e-05,0.00012,1.0,-8.4
fbg_n19_clir_map382x_cy_twn_6,0,1,608,288,1,144,0.03,0.04,0.93335,9e-05,0.00012,1.0,-8.4
fbg_n19_clir_map383_cy_twn_7,0,1,400,320,1,157,0.02,0.03,0.93333,8e-05,0.00021,1.0,-15.51
fbg_n19_clir_map383x_cy_twn_8,0,1,400,320,1,157,0.02,0.03,0.93333,8e-05,0.00021,1.0,-15.51
fbg_n19_clir_map384_cy_twn_9,0,1,480,560,1,169,0.01,0.01,0.93334,3e-05,0.00013,1.0,-28.79
fbg_n19_clir_map384x_cy_twn_a,0,1,480,560,1,169,0.01,0.01,0.93334,3e-05,0.00013,1.0,-28.79
fbg_n19_clir_map385_cy_twn_b,0,1,464,416,1,179,0.01,0.02,0.93334,4e-05,9e-05,1.0,-33.6
fbg_n19_clir_map386_cy_twn_c,0,1,592,256,1,165,0.01,0.01,0.93338,5e-05,8e-05,1.0,-16.8
fbg_n19_clir_map386x_cy_twn_d,0,1,560,256,1,165,0.01,0.01,0.93338,5e-05,8e-05,1.0,-16.8
fbg_n19_clir_map387_cy_twn_e,0,1,400,352,1,107,0.04,0.29,0.93319,9e-05,0.00018,1.0,13.99
fbg_n19_clir_map387x_cy_twn_f,0,1,384,416,0,102,0.04,0.27,0.93319,9e-05,0.00018,1.0,13.99
fbg_n19_clir_map388_cy_twn_g,0,1,528,304,1,126,0.02,0.03,0.93344,0.00012,0.0002,1.0,-10.19
fbg_n19_clir_map388x_cy_twn_j,0,1,528,304,1,126,0.02,0.03,0.93344,0.00012,0.0002,1.0,-10.19
fbg_n19_clir_map389_cy_twn_h,0,1,672,224,1,276,0.02,0.03,0.93337,8e-05,8e-05,1.0,-5.42
fbg_n19_clir_map389x_cy_twn_i,0,1,640,224,1,276,0.02,0.02,0.93337,8e-05,8e-05,1.0,-5.42
fbg_n20_trno_map400_tr_gat_0,0,1,432,368,1,108,0.05,0.26,0.93344,0.0001,0.00012,1.0,-12.21
fbg_n20_trno_map401_tr_res_0,0,1,640,416,1,237,0.04,0.05,0.93333,9e-05,0.00011,1.0,-47.69
fbg_n20_trno_map402_tr_ekh_0,0,1,576,384,1,130,0.02,0.03,0.93322,3e-05,8e-05,1.0,-14.78
fbg_n20_trno_map402a_tr_fqh_0,0,1,416,224,1,128,0.11,0.53,0.93338,0.0001,0.00019,1.0,2.98
fbg_n20_trno_map403_tr_whf_0,0,1,464,448,1,93,0.03,0.04,0.93341,4e-05,0.00017,1.0,-8.73
fbg_n20_trno_map404_tr_fkh_0,0,1,512,256,1,99,0.01,0.02,0.93328,9e-05,4e-05,1.0,-1.12
fbg_n20_trno_map405_tr_wbh_0,0,1,416,416,1,196,0.01,0.01,0.9333,8e-05,0.00013,1.0,-40.3
fbg_n20_trno_map405a_tr_fbh_0,0,1,640,224,1,100,0.04,0.04,0.93338,0.00014,9e-05,1.0,-2.66
fbg_n20_trno_map406_tr_bta_0,0,1,768,224,1,219,0.04,0.05,0.93345,0.00011,5e-05,1.0,0.85
fbg_n20_trno_map407_tr_wat_0,0,1,800,224,1,25,0.01,0.01,0.93326,2e-05,2e-05,1.0,-3.37
fbg_n20_trno_map409_tr_kha_0,0,1,592,320,1,292,0.08,2.23,0.93328,8e-05,7e-05,1.0,4.49
fbg_n20_trno_map410_tr_qhm_0,0,1,368,256,0,110,0.01,0.01,0.93336,6e-05,8e-05,1.0,-15.51
fbg_n20_trno_map411_tr_khm_0,0,1,448,320,1,99,0.01,0.02,0.93326,6e-05,8e-05,1.0,-13.89
fbg_n20_trno_map412_tr_bhe_0,0,1,400,224,1,205,0.01,0.03,0.93334,0.00012,0.00013,1.0,-19.88
fbg_n20_trno_map413_tr_bhm_0,0,1,752,288,1,161,0.03,0.04,0.93341,4e-05,0.00012,1.0,-2.35
fbg_n20_trno_map414_tr_tms_0,0,2,400,320,1,94,0.03,0.04,0.9334,9e-05,8e-05,1.0,9.02
fbg_n20_trno_map414_tr_tms_0,1,2,400,320,1,94,0.03,0.04,0.9334,9e-05,8e-05,1.0,9.02
fbg_n20_trno_map415_tr_tot_0,0,1,576,400,1,107,0.05,0.06,0.93329,0.00011,0.00018,1.0,-18.55
fbg_n20_trno_map416_tr_tot_1,0,1,320,256,0,20,0.07,0.07,0.93338,0.00012,0.00015,1.0,3.74
fbg_n20_trno_map417_tr_bar_0,0,1,448,448,1,121,0.01,0.01,0.93329,7e-05,0.00013,1.0,-26.02
fbg_n21_grgr_map420_gr_cen_0,0,1,384,448,0,169,0.04,0.04,0.93335,0.00013,0.00017,1.0,-49.62
fbg_n21_grgr_map421_gr_lef_0,0,2,512,320,1,76,0.01,0.02,0.93324,2e-05,0.00012,1.0,-4.64
fbg_n21_grgr_map421_gr_lef_0,1,2,336,272,0,47,7.21,23.3,0.93323,0.00016,8e-05,1.0,-19.73
fbg_n21_grgr_map423_gr_gba_0,0,1,512,320,1,119,0.04,0.05,0.9334,0.00011,0.0001,1.0,-5.44
fbg_n21_grgr_map424_gr_ren_0,0,2,448,320,1,138,0.03,0.14,0.93335,4e-05,4e-05,1.0,-0.14
fbg_n21_grgr_map424_gr_ren_0,1,2,336,256,0,93,0.12,4.82,0.93339,0.00012,9e-05,1.0,5.27
fbg_n21_grgr_map426_gr_ggt_0,0,1,720,256,1,55,0.0,0.0,0.93335,0.0,0.0,1.0,-0.0
fbg_n21_grgr_map427_gr_alx_0,0,1,448,320,1,95,0.03,0.03,0.93337,9e-05,0.00016,1.0,-3.23
fbg_n23_qunh_map440_qh_hur_0,0,1,352,272,0,137,0.0,0.01,0.93335,4e-05,0.0,1.0,-0.0
fbg_n23_qunh_map441_qh_huh_0,0,1,352,272,0,72,0.0,0.03,0.93335,4e-05,0.0,1.0,-0.0
fbg_n23_qunh_map442_qh_lni_0,0,1,384,336,0,37,0.02,0.03,0.93328,0.00011,8e-05,1.0,-11.86
fbg_n23_qunh_map443_qh_cav_0,0,1,496,352,1,177,0.05,0.09,0.93341,0.0001,0.0002,1.0,-14.46
fbg_n25_ntgt_map450_ng_mda_0,0,1,480,256,1,91,0.11,1.56,0.93327,9e-05,0.00016,1.0,3.86
fbg_n25_ntgt_map450a_ng_mda_1,0,1,480,256,1,91,0.11,1.56,0.93327,9e-05,0.00016,1.0,3.86
fbg_n25_ntgt_map451_ng_bma_0,0,1,400,256,1,15,0.08,0.09,0.93338,0.0001,0.00015,1.0,2.66
fbg_n25_ntgt_map451a_ng_bma_1,0,1,400,256,1,15,0.08,0.09,0.93338,0.0001,0.00015,1.0,2.66
fbg_n25_ntgt_map452a_ng_tra_1,0,1,512,256,1,113,0.03,0.07,0.93332,5e-05,4e-05,1.0,-3.68
fbg_n25_ntgt_map453_ng_bda_0,0,1,512,256,1,132,0.02,0.04,0.93322,0.00016,0.00011,1.0,2.06
fbg_n25_ntgt_map453a_ng_bda_1,0,1,512,256,1,132,0.02,0.04,0.93322,0.00016,0.00011,1.0,2.06
fbg_n26_pncl_map455_pr_gal_0,0,1,368,272,0,41,0.01,0.01,0.93341,7e-05,0.00018,1.0,-26.32
fbg_n26_pncl_map456_pr_pw1_0,0,1,320,320,0,110,0.02,0.04,0.93331,7e-05,4e-05,1.0,4.51
fbg_n26_pncl_map457_pr_pw2_0,0,1,320,352,0,199,0.01,0.08,0.93326,0.00012,7e-05,1.0,-1.68
fbg_n26_pncl_map458_pr_pw3_0,0,1,368,400,0,133,0.02,0.02,0.93337,0.0001,0.00012,1.0,-37.83
fbg_n26_pncl_map459_pr_ent_0,0,1,432,432,1,106,0.01,0.01,0.93331,6e-05,0.00017,1.0,-1.19
fbg_n26_pncl_map460_pr_ent_1,0,1,432,432,1,106,0.01,0.01,0.93331,6e-05,0.00017,1.0,-1.19
fbg_n27_fslr_map465_fr_ent_0,0,1,528,352,1,204,0.04,0.05,0.93339,0.00011,0.00011,1.0,-9.47
fbg_n27_fslr_map466_fr_trp_0,0,1,800,384,1,36,0.05,0.05,0.93338,0.00012,0.00015,1.0,-30.47
fbg_n27_fslr_map467_fr_sbw_0,0,1,400,320,1,53,0.01,0.01,0.93327,6e-05,8e-05,1.0,-20.0
fbg_n27_fslr_map468_fr_sl1_0,0,1,528,384,1,150,0.03,0.04,0.93338,0.00012,5e-05,1.0,4.75
fbg_n27_fslr_map468a_fr_sl2_0,0,1,320,512,1,54,0.02,0.04,0.93326,0.0001,0.00014,1.0,1.67
fbg_n27_fslr_map468b_fr_sl3_0,0,1,512,288,1,86,0.04,0.1,0.93335,3e-05,0.00014,1.0,-27.76
fbg_n27_fslr_map468c_fr_sl4_0,0,1,400,336,1,55,0.03,0.05,0.93332,4e-05,0.00016,1.0,-1.22
fbg_n27_fslr_map468d_fr_sl5_0,0,1,512,320,1,110,0.03,0.07,0.93344,5e-05,0.00011,1.0,-0.78
fbg_n27_fslr_map468e_fr_sm1_0,0,1,320,528,1,111,0.01,0.02,0.93342,0.0001,0.00022,1.0,0.67
fbg_n27_fslr_map469_fr_sr1_0,0,1,496,288,1,136,0.01,0.01,0.93341,8e-05,0.0001,1.0,-4.2
fbg_n27_fslr_map469a_fr_sr2_0,0,1,640,272,1,94,0.01,0.01,0.93328,3e-05,7e-05,1.0,-4.68
fbg_n27_fslr_map469b_fr_sr3_0,0,1,512,272,1,121,0.26,1.93,0.93335,9e-05,5e-05,1.0,-7.76
fbg_n27_fslr_map469c_fr_sr4_0,0,1,400,560,1,148,0.03,0.08,0.93342,3e-05,7e-05,1.0,7.79
fbg_n27_fslr_map469d_fr_sr5_0,0,1,512,448,1,100,0.0,0.01,0.93336,2e-05,2e-05,1.0,-62.52
fbg_n27_fslr_map469e_fr_sr6_0,0,1,640,256,1,112,0.04,0.05,0.93338,0.00012,0.00017,1.0,-14.81
fbg_n27_fslr_map469f_fr_sr7_0,0,1,528,288,1,84,0.01,0.03,0.93336,9e-05,0.00011,1.0,4.92
fbg_n27_fslr_map470_fr_mv1_0,0,1,640,288,1,50,0.04,0.06,0.93345,8e-05,0.00017,1.0,0.85
fbg_n27_fslr_map470a_fr_mv2_0,0,1,320,528,1,66,0.01,0.02,0.93332,5e-05,6e-05,1.0,-70.83
fbg_n27_fslr_map470b_fr_mv3_0,0,1,640,288,1,88,0.02,0.03,0.93324,4e-05,0.00018,1.0,5.96
fbg_n27_fslr_map470c_fr_mv4_0,0,1,368,480,1,54,0.08,0.09,0.93322,0.00011,0.00016,1.0,-29.95
fbg_n27_fslr_map470d_fr_mv5_0,0,1,384,528,1,80,0.04,0.07,0.93326,0.00011,8e-05,1.0,4.66
fbg_n27_fslr_map471_fr_dn1_0,0,1,512,368,1,119,0.02,0.03,0.93339,7e-05,0.00025,1.0,-19.01
fbg_n27_fslr_map472_fr_dn2_0,0,1,608,448,1,161,0.04,0.1,0.93342,0.00012,0.00013,1.0,-41.85
fbg_n27_fslr_map473_fr_dn3_0,0,1,448,560,1,189,0.02,0.02,0.93338,6e-05,2e-05,1.0,-1.9
fbg_n27_fslr_map474_fr_dn4_0,0,1,512,320,1,149,0.01,0.01,0.93328,2e-05,0.00014,1.0,-26.3
fbg_n27_fslr_map475_fr_ext_0,0,1,480,272,1,120,0.03,1.47,0.93333,9e-05,0.00018,1.0,-13.2
fbg_n28_cdpt_map480_cp_ent_0,0,1,336,288,0,128,0.02,0.71,0.93323,3e-05,0.00017,1.0,8.04
fbg_n28_cdpt_map481_cp_gl1_0,0,1,528,320,1,208,0.01,0.01,0.93337,0.00012,0.0001,1.0,-39.24
fbg_n28_cdpt_map482_cp_gl2_0,0,1,416,224,1,103,0.03,0.03,0.9333,7e-05,0.00014,1.0,-3.16
fbg_n28_cdpt_map483_cp_str_0,0,1,416,240,1,118,0.05,0.07,0.93338,0.00011,4e-05,1.0,-5.42
fbg_n28_cdpt_map484_cp_ext_0,0,1,512,320,1,147,0.01,0.01,0.93339,0.00011,0.00012,1.0,-45.21
fbg_n28_cdpt_map485_cp_shn_0,0,1,512,480,1,339,0.02,0.04,0.93336,0.00013,0.00013,1.0,-42.02
fbg_n28_cdpt_map486_cp_alt_0,0,1,336,240,0,147,0.07,0.13,0.93331,0.00012,0.00026,1.0,-9.06
fbg_n28_cdpt_map487_cp_stp_0,0,1,320,480,1,142,0.02,0.02,0.93339,6e-05,0.00012,1.0,-30.08
fbg_n28_cdpt_map488_cp_rom_0,0,1,352,448,0,232,0.04,0.05,0.93319,0.0001,8e-05,1.0,-40.58
fbg_n28_cdpt_map489_cp_tol_0,0,1,384,272,0,179,0.01,0.02,0.93335,3e-05,7e-05,1.0,-29.49
fbg_n29_cpmp_map510_cm_mp0_0,0,1,576,400,1,140,0.03,0.04,0.93339,0.00013,0.0002,1.0,-11.0
fbg_n29_cpmp_map511_cm_mp1_0,0,1,416,416,1,113,0.05,0.08,0.93332,0.0001,0.00025,1.0,-7.97
fbg_n29_cpmp_map512_cm_mp2_0,0,1,416,368,1,173,0.04,0.05,0.93337,0.00013,3e-05,1.0,-13.4
fbg_n29_cpmp_map513_cm_mp3_0,0,1,624,464,1,213,0.05,0.06,0.93337,6e-05,7e-05,1.0,-76.17
fbg_n29_cpmp_map514_cm_mp4_0,0,1,464,336,1,90,0.02,0.03,0.93341,0.00011,9e-05,1.0,-16.96
fbg_n29_cpmp_map515_cm_mp5_0,0,1,640,336,1,134,0.04,0.05,0.93329,7e-05,0.00012,1.0,-27.37
fbg_n29_cpmp_map516_cm_mp6_0,0,1,320,320,0,88,0.02,0.03,0.93336,3e-05,9e-05,1.0,-53.7
fbg_n29_cpmp_map517_cm_mp7_0,0,1,320,384,0,144,0.01,0.02,0.93339,8e-05,0.00015,1.0,-63.1
fbg_n30_bmvl_map530_bv_fr1_0,0,1,320,320,0,72,0.04,0.16,0.93334,0.00014,0.0001,1.0,-22.19
fbg_n30_bmvl_map531_bv_fr2_0,0,1,432,304,1,111,0.02,0.05,0.93331,0.0001,0.00016,1.0,-4.71
fbg_n30_bmvl_map531a_bv_ztn_0,0,2,448,224,1,373,0.07,0.09,0.93322,0.0001,0.00013,1.0,-0.9
fbg_n30_bmvl_map531a_bv_ztn_0,1,2,368,256,0,278,0.24,2.54,0.93338,8e-05,0.0002,1.0,-18.93
fbg_n30_bmvl_map532_bv_ent_0,0,1,480,320,1,148,0.01,0.02,0.93321,7e-05,0.00012,1.0,-28.61
fbg_n30_bmvl_map533_bv_abr_0,0,1,432,224,1,77,0.02,0.02,0.93326,5e-05,0.00015,1.0,-14.06
fbg_n30_bmvl_map534_bv_gvy_0,0,1,384,224,0,63,0.02,0.02,0.93345,7e-05,9e-05,1.0,-4.8
fbg_n30_bmvl_map534a_bv_gvy_1,0,1,384,224,0,63,0.02,0.02,0.93345,7e-05,9e-05,1.0,-4.8
fbg_n30_bmvl_map535_bv_csk_0,0,1,336,240,0,50,0.01,0.01,0.93337,7e-05,0.00015,1.0,-2.66
fbg_n30_bmvl_map536_bv_ort_0,0,1,320,272,0,81,0.01,0.03,0.93323,0.00015,0.00012,1.0,-38.1
fbg_n30_bmvl_map537_bv_eve_0,0,2,320,336,0,214,0.15,0.2,0.93333,9e-05,7e-05,1.0,8.59
fbg_n30_bmvl_map537_bv_eve_0,1,2,512,288,1,213,0.77,25.54,0.93338,0.00012,7e-05,1.0,-10.68
fbg_n30_bmvl_map538_bv_wpn_0,0,1,400,256,1,67,0.01,0.03,0.93335,9e-05,0.00017,1.0,-16.22
fbg_n30_bmvl_map539_bv_inn_0,0,1,512,288,1,94,0.01,0.02,0.93339,8e-05,0.00013,1.0,-10.68
fbg_n30_bmvl_map540_bv_itm_0,0,1,512,352,1,121,0.02,0.03,0.93331,9e-05,0.00011,1.0,-10.15
fbg_n30_bmvl_map541_bv_its_0,0,1,320,352,0,51,0.01,0.03,0.9334,1e-05,0.00025,1.0,-8.31
fbg_n30_bmvl_map542_bv_csi_0,0,1,320,336,0,29,0.01,0.02,0.93343,4e-05,0.00024,1.0,-0.73
fbg_n31_iftr_map550_if_ent_0,0,1,352,240,0,83,0.03,0.11,0.93334,0.0001,0.00015,1.0,2.25
fbg_n31_iftr_map550a_if_ent_1,0,1,352,240,0,83,0.03,0.11,0.93334,0.0001,0.00015,1.0,2.25
fbg_n31_iftr_map551_if_pug_0,0,1,496,528,1,347,0.02,0.02,0.93343,0.00011,0.00013,1.0,-80.48
fbg_n31_iftr_map551a_if_pug_1,0,1,496,528,1,347,0.02,0.02,0.93343,0.00011,0.00013,1.0,-80.48
fbg_n31_iftr_map552_if_bas_0,0,2,480,336,1,182,0.01,0.02,0.93338,1e-05,0.00011,1.0,-24.71
fbg_n31_iftr_map552_if_bas_0,1,2,336,240,0,68,0.17,0.83,0.93342,9e-05,0.00012,1.0,-32.71
fbg_n31_iftr_map552a_if_bas_1,0,2,512,336,1,182,0.01,0.02,0.93338,1e-05,0.00011,1.0,-24.71
fbg_n31_iftr_map552a_if_bas_1,1,2,336,240,0,68,0.17,0.83,0.93342,9e-05,0.00012,1.0,-32.71
fbg_n31_iftr_map553_if_bas_2,0,1,544,352,1,40,0.05,0.06,0.93337,0.00015,0.00012,1.0,7.53
fbg_n31_iftr_map555_if_mkj_0,0,1,512,272,1,74,0.02,0.02,0.93336,5e-05,0.00022,1.0,16.73
fbg_n31_iftr_map555a_if_mkj_1,0,2,320,240,0,32,0.05,0.06,0.93346,9e-05,0.00016,1.0,7.58
fbg_n31_iftr_map555a_if_mkj_1,1,2,416,240,1,32,0.09,0.19,0.9333,7e-05,0.0001,1.0,-20.96
fbg_n31_iftr_map556_if_pts_0,0,1,608,384,1,99,0.03,0.04,0.93327,3e-05,0.00017,1.0,-24.11
fbg_n31_iftr_map556a_if_pts_1,0,1,384,320,0,83,0.02,0.02,0.9334,0.00012,4e-05,1.0,-22.31
fbg_n31_iftr_map557_if_ggt_0,0,1,416,816,1,46,0.01,0.01,0.93335,3e-05,0.00014,1.0,41.44
fbg_n31_iftr_map558_if_msd_0,0,1,368,240,0,16,0.01,0.01,0.93339,0.0001,8e-05,1.0,-18.53
fbg_n31_iftr_map559_if_cst_0,0,1,480,224,1,52,0.02,0.03,0.93325,3e-05,0.0001,1.0,-3.11
fbg_n32_ifug_map565_iu_eug_0,0,1,336,240,0,97,0.03,0.05,0.93329,0.00013,0.00017,1.0,-60.55
fbg_n32_ifug_map565a_iu_eug_1,0,1,352,480,1,162,0.04,0.05,0.93335,0.00015,8e-05,1.0,-39.14
fbg_n32_ifug_map565b_iu_eug_2,0,1,320,512,1,228,0.04,0.07,0.93339,0.00011,0.00016,1.0,-40.69
fbg_n32_ifug_map566_iu_eve_0,0,1,320,512,1,170,0.05,0.07,0.93322,8e-05,9e-05,1.0,-42.85
fbg_n32_ifug_map567_iu_elv_0,0,1,640,448,1,19,0.0,0.0,0.93335,0.0,0.0,1.0,-0.0
fbg_n32_ifug_map568_iu_sdv_0,0,1,320,512,1,109,0.01,0.01,0.9333,7e-05,0.00016,1.0,-49.1
fbg_n32_ifug_map569_iu_sdv_1,0,1,320,272,0,55,0.17,2.8,0.9333,7e-05,0.00011,1.0,1.16
fbg_n34_mdsr_map570_ms_ent_0,0,1,400,256,1,106,0.0,0.01,0.93336,5e-05,9e-05,1.0,-4.73
fbg_n34_mdsr_map570a_ms_ent_1,0,1,400,256,1,79,0.0,0.01,0.93336,5e-05,9e-05,1.0,-4.73
fbg_n34_mdsr_map571_ms_fnt_0,0,1,400,304,1,144,0.01,0.02,0.93345,0.0001,0.00015,1.0,-36.18
fbg_n34_mdsr_map571a_ms_fnt_1,0,1,400,304,1,144,0.01,0.02,0.93345,0.0001,0.00015,1.0,-36.18
fbg_n34_mdsr_map572_ms_ekh_0,0,1,400,256,1,73,0.01,0.01,0.93333,9e-05,0.00012,1.0,-13.4
fbg_n34_mdsr_map572a_ms_ekh_1,0,1,400,256,1,73,0.01,0.01,0.93333,9e-05,0.00012,1.0,-13.4
fbg_n34_mdsr_map573_ms_pmr_0,0,1,512,320,1,279,0.02,0.02,0.93326,8e-05,0.00015,1.0,-59.3
fbg_n34_mdsr_map573a_ms_pmr_1,0,1,512,320,1,279,0.02,0.02,0.93326,8e-05,0.00015,1.0,-59.3
fbg_n34_mdsr_map574_ms_ssd_0,0,1,320,240,0,186,0.01,0.02,0.93343,3e-05,1e-05,1.0,4.41
fbg_n34_mdsr_map575_ms_ssd_1,0,1,320,448,0,68,0.03,0.04,0.93337,6e-05,0.00015,1.0,7.89
fbg_n34_mdsr_map576_ms_mrr_0,0,1,960,304,1,73,0.0,0.0,0.93335,0.0,0.0,1.0,-0.0
fbg_n34_mdsr_map576a_ms_mrr_1,0,1,960,304,1,73,0.0,0.0,0.93335,0.0,0.0,1.0,-0.0
fbg_n34_mdsr_map577_ms_mrr_2,0,1,336,224,0,157,0.02,0.04,0.93337,0.00012,7e-05,1.0,-2.29
fbg_n34_mdsr_map578_ms_eki_0,0,1,336,240,0,102,0.01,0.02,0.93327,8e-05,0.00013,1.0,-8.68
fbg_n34_mdsr_map578a_ms_eki_1,0,1,336,240,0,102,0.01,0.02,0.93327,8e-05,0.00013,1.0,-8.68
fbg_n34_mdsr_map579_ms_ktn_0,0,1,320,336,0,190,0.01,0.01,0.93337,0.00011,0.00011,1.0,-19.54
fbg_n34_mdsr_map579a_ms_ktn_1,0,1,320,336,0,190,0.01,0.01,0.93337,0.00011,0.00011,1.0,-19.54
fbg_n34_mdsr_map580_ms_scr_0,0,2,352,272,0,108,0.01,0.12,0.93328,5e-05,0.00013,1.0,6.39
fbg_n34_mdsr_map580_ms_scr_0,1,2,336,240,0,103,0.24,1.12,0.9334,0.00019,0.0003,1.0,-31.92
fbg_n34_mdsr_map580b_ms_scr_2,0,2,352,272,0,108,0.01,0.12,0.93328,5e-05,0.00013,1.0,6.39
fbg_n34_mdsr_map580b_ms_scr_2,1,2,336,240,0,103,0.12,0.62,0.9334,0.0001,0.00012,1.0,-31.92
fbg_n35_estg_map600_eg_ext_0,0,1,512,272,1,207,0.02,0.03,0.93329,9e-05,0.00019,1.0,6.91
fbg_n35_estg_map602_eg_rm1_0,0,1,512,256,1,92,0.12,0.14,0.9334,6e-05,0.00011,1.0,8.11
fbg_n35_estg_map603_eg_rm2_0,0,1,336,240,0,139,0.01,0.01,0.93329,0.00012,0.00014,1.0,-78.12
fbg_n35_estg_map605_eg_obs_0,0,1,512,320,1,111,0.02,0.03,0.93329,0.0001,0.00016,1.0,-11.94
fbg_n35_estg_map607_eg_egv_0,0,1,320,528,1,98,0.02,0.05,0.93336,0.00013,0.00011,1.0,-19.94
fbg_n36_glgv_map790_gv_whl_0,0,1,656,432,1,251,0.02,0.02,0.93343,0.00012,8e-05,1.0,-37.7
fbg_n36_glgv_map791_gv_ido_0,0,1,320,704,1,113,0.05,0.08,0.93331,9e-05,0.00011,1.0,-17.3
fbg_n36_glgv_map792_gv_rm1_0,0,1,400,240,1,51,0.02,0.03,0.93325,5e-05,0.00018,1.0,-0.99
fbg_n36_glgv_map793_gv_rm2_0,0,1,400,464,1,86,0.03,0.03,0.93333,0.00014,0.00013,1.0,-33.8
fbg_n36_glgv_map794_gv_rm3_0,0,1,368,320,0,91,0.04,0.05,0.93316,7e-05,0.00015,1.0,-49.61
fbg_n36_glgv_map795_gv_rm4_0,0,1,384,288,0,42,0.02,0.02,0.93323,3e-05,0.00013,1.0,1.59
fbg_n36_glgv_map796_gv_atk_0,0,1,352,288,0,104,0.03,0.05,0.93344,3e-05,4e-05,1.0,3.79
fbg_n36_glgv_map797_gv_hld_0,0,1,464,352,1,30,0.04,0.23,0.93325,9e-05,9e-05,1.0,-9.6
fbg_n36_glgv_map798_gv_pw1_0,0,1,544,400,1,70,0.01,0.01,0.93327,4e-05,0.00021,1.0,-43.2
fbg_n36_glgv_map799_gv_pw2_0,0,1,416,352,1,184,0.04,0.05,0.93324,7e-05,0.00016,1.0,-55.6
fbg_n36_glgv_map800_gv_pw3_0,0,1,448,336,1,95,0.02,0.03,0.93337,7e-05,0.00016,1.0,-2.29
fbg_n36_glgv_map801_gv_tin_0,0,1,320,240,0,30,0.04,0.04,0.93326,0.00011,7e-05,1.0,36.59
fbg_n36_glgv_map802_gv_mgs_0,0,1,352,288,0,281,0.02,0.02,0.93332,0.00012,5e-05,1.0,-53.0
fbg_n36_glgv_map803_gv_pw4_0,0,2,384,304,0,101,0.51,2.16,0.93322,9e-05,7e-05,1.0,-14.9
fbg_n36_glgv_map803_gv_pw4_0,1,2,336,240,0,112,0.12,1.4,0.93336,0.00011,0.00021,1.0,15.06
fbg_n36_glgv_map804_gv_mg1_0,0,1,512,352,1,230,0.02,0.03,0.93333,5e-05,0.00016,1.0,-23.94
fbg_n36_glgv_map805_gv_mg2_0,0,1,336,448,0,240,0.27,4.41,0.93323,0.0001,0.0001,1.0,8.35
fbg_n38_sdpl_map640_sp_rro_0,0,1,384,320,0,59,0.02,0.03,0.9333,0.00011,0.0002,1.0,-77.8
fbg_n38_sdpl_map641_sp_rpw_0,0,1,560,384,1,169,0.05,0.07,0.93333,9e-05,0.0001,1.0,-30.7
fbg_n38_sdpl_map641a_sp_rpe_0,0,1,336,256,0,33,0.07,0.09,0.93341,0.0001,0.0002,1.0,-21.11
fbg_n38_sdpl_map642_sp_rrm_0,0,1,352,352,0,65,0.02,0.03,0.93325,0.0001,8e-05,1.0,-41.29
fbg_n38_sdpl_map642a_sp_rfg_0,0,1,336,240,0,73,0.09,0.17,0.93346,0.00011,0.00013,1.0,4.8
fbg_n38_sdpl_map643_sp_rsw_0,0,1,336,240,0,73,0.14,0.42,0.93325,4e-05,0.0001,1.0,-2.49
fbg_n38_sdpl_map644_sp_rex_0,0,1,560,320,1,77,0.07,0.1,0.93329,0.00015,0.00019,1.0,-17.33
fbg_n38_sdpl_map645_sp_kpw_0,0,1,512,320,1,196,0.02,0.02,0.93331,9e-05,0.00017,1.0,-1.2
fbg_n38_sdpl_map645a_sp_kdr_0,0,1,336,256,0,91,0.02,0.02,0.93341,9e-05,0.00011,1.0,-38.0
fbg_n38_sdpl_map646_sp_kkr_0,0,2,560,256,1,98,0.02,0.03,0.93341,0.0,1e-05,1.0,-4.2
fbg_n38_sdpl_map646_sp_kkr_0,1,2,336,240,0,98,0.07,0.23,0.93323,6e-05,6e-05,1.0,-70.8
fbg_n38_sdpl_map647_sp_kdc_0,0,1,928,288,1,278,0.01,0.01,0.93331,4e-05,0.00015,1.0,3.91
fbg_n38_sdpl_map648_sp_kex_0,0,1,400,288,1,177,0.02,0.04,0.93326,6e-05,0.0001,1.0,-43.6
fbg_n38_sdpl_map650_sp_mp1_0,0,1,400,272,1,74,0.03,0.05,0.93341,0.0001,6e-05,1.0,3.0
fbg_n38_sdpl_map651_sp_mp2_0,0,1,512,336,1,160,0.05,0.11,0.93335,7e-05,0.00011,1.0,-16.74
fbg_n38_sdpl_map652_sp_mt1_0,0,1,480,368,1,163,0.01,0.01,0.9333,1e-05,0.00014,1.0,-26.4
fbg_n38_sdpl_map653_sp_mp3_0,0,1,480,272,1,89,0.01,0.02,0.93324,0.00012,6e-05,1.0,-2.1
fbg_n38_sdpl_map654_sp_mhl_0,0,3,432,224,1,332,0.03,0.05,0.93328,0.00012,0.00015,1.0,-84.69
fbg_n38_sdpl_map654_sp_mhl_0,1,3,320,224,0,272,0.39,5.47,0.93333,0.00012,0.0001,1.0,-5.7
fbg_n38_sdpl_map654_sp_mhl_0,2,3,320,224,0,324,0.24,5.0,0.93342,8e-05,8e-05,1.0,-5.6
fbg_n38_sdpl_map655_sp_mt2_0,0,1,544,288,1,185,0.02,0.03,0.93334,5e-05,0.00011,1.0,2.6
fbg_n38_sdpl_map656_sp_mt3_0,0,1,512,288,1,139,0.03,0.03,0.93323,9e-05,0.00015,1.0,-7.24
fbg_n38_sdpl_map657_sp_mbs_0,0,1,384,240,0,72,0.03,0.04,0.93335,0.00011,0.0,1.0,-0.0
fbg_n39_uuvl_map660_uv_ext_0,0,1,320,464,1,204,0.0,0.0,0.93329,4e-05,7e-05,1.0,-2.18
fbg_n39_uuvl_map661_uv_ent_0,0,1,480,368,1,127,0.02,0.03,0.93344,3e-05,9e-05,1.0,1.52
fbg_n39_uuvl_map665_uv_pst_0,0,1,480,416,1,219,0.03,0.04,0.93337,9e-05,9e-05,1.0,-13.4
fbg_n39_uuvl_map666_uv_dp1_0,0,1,592,432,1,238,0.01,0.01,0.93338,5e-05,0.00022,1.0,-27.9
fbg_n39_uuvl_map667_uv_dp2_0,0,1,336,448,0,126,0.02,0.03,0.93342,4e-05,0.00016,1.0,-40.91
fbg_n39_uuvl_map668_uv_vsl_0,0,1,672,288,1,80,0.05,0.06,0.93334,7e-05,0.00014,1.0,20.61
fbg_n39_uuvl_map668a_uv_vsl_1,0,1,336,304,0,30,0.06,0.11,0.9333,0.0001,0.00015,1.0,-41.8
fbg_n39_uuvl_map669_uv_rfm_0,0,1,592,304,1,50,0.02,0.03,0.93338,9e-05,0.00012,1.0,3.5
fbg_n39_uuvl_map670_uv_elv_0,0,1,320,224,0,18,0.02,0.02,0.93349,8e-05,9e-05,1.0,-77.31
fbg_n39_uuvl_map671_uv_dep_0,0,1,528,304,1,148,0.02,0.03,0.93338,4e-05,0.00016,1.0,-18.11
fbg_n39_uuvl_map672_uv_fdp_0,0,1,320,368,0,47,0.01,0.03,0.93334,8e-05,7e-05,1.0,-17.99
fbg_n40_tera_map680_ta_thl_0,0,1,464,528,1,60,0.02,0.02,0.93324,3e-05,0.00011,1.0,-5.8
fbg_n40_tera_map681_ta_hld_0,0,1,400,384,1,119,0.02,0.04,0.93336,3e-05,0.00012,1.0,-13.14
fbg_n40_tera_map682_ta_bst_0,0,1,384,544,1,95,0.04,0.04,0.93333,0.00011,8e-05,1.0,-72.6
fbg_n40_tera_map683_ta_prb_0,0,1,560,544,1,74,0.04,0.08,0.93323,4e-05,0.00018,1.0,-30.1
fbg_n40_tera_map684_ta_rpb_0,0,1,512,256,1,56,0.03,0.03,0.9333,5e-05,0.00012,1.0,9.8
fbg_n40_tera_map685_ta_rou_0,0,1,608,560,1,190,0.04,0.08,0.93323,8e-05,0.00011,1.0,-19.6
fbg_n40_tera_map686_ta_rod_0,0,1,512,480,1,98,0.04,0.06,0.93344,0.00011,6e-05,1.0,-14.59
fbg_n40_tera_map687_ta_tob_0,0,1,432,560,1,121,0.01,0.01,0.93333,2e-05,0.00012,1.0,-69.0
fbg_n40_tera_map688_ta_ivk_0,0,1,320,480,1,72,0.02,0.04,0.93337,5e-05,0.00015,1.0,-56.94
fbg_n41_brbl_map690_bb_stw_0,0,1,368,480,1,175,0.0,0.0,0.93325,0.0001,8e-05,1.0,-26.2
fbg_n41_brbl_map691_bb_sqr_0,0,1,528,448,1,78,0.01,0.03,0.93324,2e-05,0.0002,1.0,-5.51
fbg_n41_brbl_map692_bb_fgt_0,0,1,448,432,1,109,0.01,0.01,0.93332,4e-05,3e-05,1.0,-63.8
fbg_n41_brbl_map693_bb_cdr_0,0,1,512,336,1,178,0.04,0.05,0.93329,7e-05,0.00019,1.0,-19.11
fbg_n41_brbl_map694_bb_cdl_0,0,1,352,432,0,160,0.03,0.08,0.9332,6e-05,0.00012,1.0,-28.6
fbg_n41_brbl_map695_bb_wps_0,0,1,416,352,1,48,0.04,0.06,0.93343,9e-05,0.00018,1.0,-31.5
fbg_n41_brbl_map696_bb_gth_0,0,1,480,256,1,87,0.05,0.06,0.93336,7e-05,0.00018,1.0,-22.99
fbg_n41_brbl_map697_bb_its_0,0,1,384,304,0,64,0.03,0.06,0.93339,0.00014,0.00016,1.0,-14.69
fbg_n41_brbl_map698_bb_udl_0,0,1,400,240,1,176,0.03,0.03,0.93321,0.0001,7e-05,1.0,-4.62
fbg_n41_brbl_map699_bb_brg_0,0,1,464,448,1,79,0.02,0.02,0.93333,8e-05,0.00014,1.0,-74.2
fbg_n41_brbl_map700_bb_thl_0,0,1,528,448,1,82,0.05,0.42,0.93332,0.0001,0.00015,1.0,-9.9
fbg_n41_brbl_map701_bb_inv_0,0,1,480,320,1,73,0.02,0.02,0.93334,7e-05,0.00011,1.0,-25.8
fbg_n42_pdmn_map720_pd_str_0,0,1,448,304,1,157,0.08,0.3,0.93326,0.00011,0.00027,1.0,-12.69
fbg_n42_pdmn_map721_pd_cao_0,0,1,320,400,0,109,0.08,0.19,0.93344,8e-05,0.00013,1.0,6.2
fbg_n42_pdmn_map722_pd_eao_0,0,1,624,432,1,183,0.02,0.02,0.93335,0.0001,8e-05,1.0,-22.27
fbg_n42_pdmn_map723_pd_sao_0,0,1,464,416,1,322,0.02,0.03,0.93326,0.00011,0.00015,1.0,-43.07
fbg_n42_pdmn_map724_pd_aos_0,0,1,432,320,1,146,0.0,0.0,0.93326,7e-05,0.00017,1.0,6.63
fbg_n42_pdmn_map725_pd_bwr_0,0,1,320,384,0,34,0.02,0.12,0.93333,4e-05,0.00016,1.0,-41.5
fbg_n42_pdmn_map726_pd_rm1_0,0,1,400,320,1,85,0.01,0.01,0.9333,4e-05,0.00029,1.0,-33.81
fbg_n42_pdmn_map727_pd_mcd_0,0,1,640,320,1,82,0.01,0.02,0.9333,2e-05,0.00014,1.0,-11.21
fbg_n42_pdmn_map728_pd_rm2_0,0,1,448,240,1,82,0.01,0.01,0.93321,2e-05,7e-05,1.0,-25.4
fbg_n42_pdmn_map729_pd_olb_0,0,1,480,368,1,207,0.01,0.02,0.93331,6e-05,0.00013,1.0,-52.9
fbg_n42_pdmn_map730_pd_ulb_0,0,1,576,336,1,60,0.02,0.03,0.93324,0.00011,0.00015,1.0,12.69
fbg_n42_pdmn_map731_pd_oev_0,0,1,624,288,1,94,0.02,0.02,0.93341,3e-05,0.00015,1.0,-11.91
fbg_n42_pdmn_map732_pd_elv_0,0,1,512,688,1,320,0.02,0.02,0.93345,6e-05,0.00015,1.0,-18.3
fbg_n42_pdmn_map733_pd_evd_0,0,1,592,512,1,218,0.03,0.04,0.93327,0.00012,0.00011,1.0,-27.3
fbg_n42_pdmn_map734_pd_mzm_0,0,1,608,528,1,232,0.03,0.04,0.93323,9e-05,0.00015,1.0,-26.6
fbg_n42_pdmn_map735_pd_rta_0,0,1,320,560,1,94,0.08,0.14,0.93326,8e-05,0.00017,1.0,-9.6
fbg_n42_pdmn_map736_pd_rtb_0,0,1,416,352,1,94,0.03,0.03,0.93331,5e-05,0.00011,1.0,-16.04
fbg_n42_pdmn_map737_pd_rtc_0,0,1,528,336,1,111,0.03,0.03,0.93336,8e-05,0.0001,1.0,-25.9
fbg_n42_pdmn_map738_pd_alb_0,0,1,592,352,1,40,0.01,0.01,0.93344,0.00011,5e-05,1.0,-88.5
fbg_n42_pdmn_map739_pd_pev_0,0,1,320,416,0,72,0.04,0.04,0.93345,3e-05,1e-05,1.0,22.9
fbg_n43_ipsn_map740_ip_ext_0,0,1,352,464,1,41,0.02,0.05,0.93327,6e-05,2e-05,1.0,26.16
fbg_n43_ipsn_map740a_ip_ext_1,0,1,352,464,1,41,0.02,0.05,0.93327,6e-05,2e-05,1.0,26.16
fbg_n43_ipsn_map741_ip_en1_0,0,1,368,336,0,196,0.02,0.15,0.93342,0.00011,4e-05,1.0,13.15
fbg_n43_ipsn_map742_ip_en2_0,0,1,368,384,0,80,0.0,0.0,0.93335,3e-05,2e-05,1.0,-35.56
fbg_n43_ipsn_map743_ip_rm1_0,0,1,512,400,1,351,0.02,0.03,0.9333,0.0001,0.00023,1.0,-37.88
fbg_n43_ipsn_map744_ip_rm2_0,0,1,448,560,1,245,0.01,0.01,0.93336,1e-05,8e-05,1.0,-15.45
fbg_n43_ipsn_map745_ip_hl1_0,0,1,512,464,1,337,0.03,0.04,0.93336,5e-05,0.00019,1.0,33.47
fbg_n43_ipsn_map745a_ip_hl2_0,0,1,592,400,1,225,0.02,0.04,0.93326,9e-05,0.00019,1.0,-77.55
fbg_n43_ipsn_map746_ip_st1_0,0,1,432,240,1,175,0.03,0.04,0.93326,0.0001,0.00015,1.0,1.05
fbg_n43_ipsn_map747_ip_st2_0,0,1,512,352,1,166,0.01,0.01,0.93339,3e-05,3e-05,1.0,-21.47
fbg_n43_ipsn_map748_ip_cnt_0,0,2,320,352,0,83,0.01,0.06,0.93328,5e-05,0.00017,1.0,-1.12
fbg_n43_ipsn_map748_ip_cnt_0,1,2,464,288,1,55,0.01,0.03,0.93335,3e-05,0.00012,1.0,13.79
fbg_n43_ipsn_map748b_ip_cnt_2,0,1,320,352,0,83,0.01,0.06,0.93328,5e-05,0.00017,1.0,-1.12
fbg_n43_ipsn_map749_ip_smn_0,0,1,336,688,1,157,0.01,0.01,0.93332,0.00011,2e-05,1.0,-63.86
fbg_n44_emsh_map760_es_ent_0,0,1,496,368,1,72,0.05,0.08,0.93321,0.0001,7e-05,1.0,-10.69
fbg_n44_emsh_map760a_es_ent_1,0,1,400,304,1,65,0.02,1.7,0.93328,4e-05,0.00014,1.0,5.83
fbg_n44_emsh_map761_es_trp_0,0,2,464,320,1,97,0.03,0.05,0.93339,8e-05,0.00013,1.0,-0.5
fbg_n44_emsh_map761_es_trp_0,1,2,608,288,1,99,0.3,0.54,0.93321,0.0001,0.00011,1.0,-89.71
fbg_n44_emsh_map762a_es_sel_1,0,2,352,272,0,90,0.07,0.21,0.9334,4e-05,0.0,1.0,-19.5
fbg_n44_emsh_map762a_es_sel_1,1,2,480,352,1,76,0.41,2.19,0.93341,0.00012,8e-05,1.0,6.32
fbg_n44_emsh_map762b_es_sel_2,0,2,416,320,1,80,0.01,0.02,0.93325,3e-05,0.0002,1.0,-3.11
fbg_n44_emsh_map762b_es_sel_2,1,2,480,352,1,76,0.41,2.19,0.93341,0.00012,8e-05,1.0,6.32
fbg_n45_cysw_mapx00_cw_ent_0,0,1,320,560,1,88,0.01,0.01,0.93323,5e-05,7e-05,1.0,2.46
fbg_n45_cysw_mapx01_cw_eth_0,0,1,320,416,0,116,0.04,0.05,0.93332,9e-05,0.0001,1.0,12.02
fbg_n45_cysw_mapx02_cw_1ly_0,0,1,320,304,0,116,0.03,0.03,0.93322,0.00012,0.00011,1.0,-89.71
fbg_n45_cysw_mapx03_cw_1ly_1,0,1,544,448,1,124,0.02,0.02,0.93335,4e-05,0.00016,1.0,-24.2
fbg_n45_cysw_mapx04_cw_1ly_2,0,1,368,432,0,86,0.03,0.04,0.93346,0.0001,0.0001,1.0,-22.55
fbg_n45_cysw_mapx05_cw_gia_0,0,1,448,224,1,114,0.01,0.01,0.93342,1e-05,0.00022,1.0,15.13
fbg_n45_cysw_mapx06_cw_2ly_0,0,1,400,352,1,69,0.02,0.03,0.93328,0.00013,0.0002,1.0,8.96
fbg_n45_cysw_mapx07_cw_2ly_1,0,1,544,336,1,140,0.02,0.03,0.93335,7e-05,0.00015,1.0,-14.87
fbg_n45_cysw_mapx08_cw_gia_1,0,1,320,304,0,69,0.02,0.05,0.93326,6e-05,0.00012,1.0,17.43
fbg_n45_cysw_mapx09_cw_3ly_0,0,1,320,496,1,154,0.02,0.03,0.93323,5e-05,0.0002,1.0,-11.42
fbg_n45_cysw_mapx10_cw_3ly_1,0,1,320,336,0,55,0.02,0.04,0.93322,0.00016,0.00012,1.0,-3.33
fbg_n45_cysw_mapx11_cw_3ly_2,0,1,480,224,1,127,0.04,0.05,0.93323,9e-05,8e-05,1.0,-0.94
fbg_n45_cysw_mapx12_cw_gia_2,0,1,320,288,0,74,0.01,0.03,0.93338,9e-05,0.0001,1.0,5.46
fbg_n45_cysw_mapx13_cw_4ly_0,0,1,368,224,0,54,0.02,0.03,0.93327,0.0001,9e-05,1.0,2.84
fbg_n45_cysw_mapx14_cw_4ly_1,0,1,320,256,0,99,0.02,0.03,0.93337,0.00011,0.00022,1.0,-7.55
fbg_n45_cysw_mapx15_cw_gia_3,0,1,384,336,0,76,0.02,0.02,0.93337,0.00012,3e-05,1.0,7.55
fbg_n45_cysw_mapx16_cw_5ly_0,0,1,416,320,1,140,0.01,0.01,0.93341,3e-05,0.00012,1.0,-30.63
fbg_n45_cysw_mapx17_cw_gia_4,0,1,320,416,0,53,0.0,0.01,0.93341,7e-05,0.00011,1.0,-9.2
fbg_n45_cysw_mapx18_cw_ltp_0,0,1,320,544,1,86,0.01,0.02,0.93339,3e-05,0.00011,1.0,-11.82
fbg_n45_cysw_mapx19_cw_emp_0,0,1,320,272,0,50,0.1,0.16,0.93324,0.00012,0.00012,1.0,-4.83
fbg_n45_cysw_mapx20_cw_spc_0,0,1,336,336,0,19,0.19,9.22,0.93327,0.00014,0.00012,1.0,51.1
fbg_n45_cysw_mapx21_cw_spc_1,0,1,336,336,0,34,0.07,0.12,0.93326,2e-05,3e-05,1.0,-34.24
fbg_n45_cysw_mapx22_cw_cyw_0,0,1,384,336,0,114,0.01,0.01,0.93327,7e-05,8e-05,1.0,-17.14
fbg_n45_cysw_mapx23_cw_cyw_1,0,1,688,224,1,134,0.0,0.01,0.93335,0.0,0.0,1.0,-0.0
fbg_n45_cysw_mapx24_cw_cyw_2,0,1,320,448,0,67,0.04,0.05,0.93337,0.00011,0.0002,1.0,-64.58
fbg_n45_cysw_mapx25_cw_cyw_3,0,1,320,352,0,29,0.0,0.0,0.93332,3e-05,0.00015,1.0,-49.19
fbg_n45_cysw_mapx26_cw_lst_0,0,1,320,432,0,99,0.01,0.01,0.93327,1e-05,0.00017,1.0,-15.19
fbg_n45_cysw_mapx26a_cw_lst_a,0,1,320,272,0,76,0.02,0.09,0.93347,0.00012,4e-05,1.0,-37.43
fbg_n45_cysw_mapx27_cw_lst_1,0,1,368,448,0,96,0.07,0.1,0.93341,7e-05,0.00011,1.0,-5.6
fbg_n45_cysw_mapx28_cw_mbg_0,0,1,320,224,0,146,0.01,0.02,0.93326,8e-05,9e-05,1.0,3.85
fbg_n45_cysw_mapx29_cw_mbg_1,0,1,320,224,0,36,0.01,0.01,0.93326,2e-05,0.00011,1.0,23.22
fbg_n45_cysw_mapx29a_cw_mbg_a,0,2,320,224,0,62,0.03,0.05,0.93334,0.0001,0.00012,1.0,2.25
fbg_n45_cysw_mapx29a_cw_mbg_a,1,2,320,224,0,98,0.04,0.04,0.93326,2e-05,0.00011,1.0,23.22
fbg_n45_cysw_mapx30_cw_mbg_2,0,3,320,400,0,127,0.04,0.06,0.93338,0.00012,0.00019,1.0,7.21
fbg_n45_cysw_mapx30_cw_mbg_2,1,3,320,224,0,127,0.06,0.45,0.9334,9e-05,9e-05,1.0,-14.35
fbg_n45_cysw_mapx30_cw_mbg_2,2,3,320,224,0,127,0.04,0.04,0.93333,0.00013,0.00011,1.0,-46.66
fbg_n46_endg_mapx50_ed_evt_0,0,3,320,224,0,163,0.44,3.18,0.93344,0.0,0.00019,1.0,13.73
fbg_n46_endg_mapx50_ed_evt_0,1,3,320,272,0,240,0.15,1.29,0.93327,5e-05,7e-05,1.0,7.83
fbg_n46_endg_mapx50_ed_evt_0,2,3,320,224,0,194,0.15,0.25,0.93326,0.00014,6e-05,1.0,16.93
fbg_n48_rdrs_mapv00_rr_brg_0,0,1,800,256,1,62,0.0,0.0,0.93336,5e-05,0.0001,1.0,-9.09
fbg_n48_rdrs_mapv00a_rr_brg_1,0,2,960,240,1,193,0.01,0.01,0.93336,5e-05,0.0001,1.0,-9.09
fbg_n48_rdrs_mapv00a_rr_brg_1,1,2,336,240,0,193,0.03,0.03,0.93336,3e-05,0.00011,1.0,-27.15
fbg_n48_rdrs_mapv00b_rr_brg_2,0,1,960,240,1,193,0.01,0.01,0.93336,5e-05,0.0001,1.0,-9.09
fbg_n48_rdrs_mapv01_rr_dck_0,0,1,704,1024,1,203,0.03,0.58,0.93343,9e-05,0.00014,1.0,-15.46
fbg_n48_rdrs_mapv02_rr_cb1_0,0,1,448,1088,1,208,0.2,4.25,0.93329,7e-05,0.0002,1.0,-22.37
fbg_n48_rdrs_mapv03_rr_cb2_0,0,1,448,256,1,189,0.06,0.06,0.93336,7e-05,0.00013,1.0,-31.09
fbg_n49_brnf_mapv11_bf_fls_0,0,1,336,480,1,86,0.05,0.06,0.93347,0.0001,7e-05,1.0,-16.5
fbg_n49_brnf_mapv12_bf_dck_0,0,1,336,240,0,86,0.25,0.37,0.93338,0.00011,0.00013,1.0,-15.0
fbg_n49_brnf_mapv13_bf_dck_1,0,1,336,480,1,86,0.05,0.06,0.93347,0.0001,7e-05,1.0,-16.5
fbg_n50_blnr_mapv20_bn_dcr_0,0,1,384,352,0,52,0.01,0.01,0.93328,9e-05,0.00015,1.0,-37.05
fbg_n50_blnr_mapv21_bn_dcr_1,0,1,384,352,0,52,0.01,0.01,0.93328,9e-05,0.00015,1.0,-37.05
fbg_n51_hlg1_mapv30_g1_brg_0,0,1,384,256,0,81,0.02,0.04,0.93326,0.00012,0.00014,1.0,-10.3
fbg_n52_hlg2_mapv40_g2_dck_0,0,2,384,256,0,86,0.09,0.34,0.93327,9e-05,0.00016,1.0,-19.73
fbg_n52_hlg2_mapv40_g2_dck_0,1,2,384,256,0,54,0.5,3.29,0.93322,0.00012,8e-05,1.0,-1.59
fbg_n53_hlg3_mapv50_g3_brg_0,0,1,496,256,1,96,0.03,0.06,0.93347,8e-05,0.00023,1.0,-6.48
fbg_n53_hlg3_mapv50a_g3_brg_1,0,1,496,256,1,96,0.03,0.06,0.93347,8e-05,0.00023,1.0,-6.48
fbg_n53_hlg3_mapv50b_g3_brg_2,0,2,496,256,1,96,0.03,0.06,0.93347,8e-05,0.00023,1.0,-6.48
fbg_n53_hlg3_mapv50b_g3_brg_2,1,2,336,240,0,223,0.41,159.23,0.93336,3e-05,0.00011,1.0,-27.15
fbg_n53_hlg3_mapv51_g3_egr_0,0,1,384,288,0,61,0.04,0.05,0.93339,9e-05,0.00015,1.0,-14.35
fbg_n53_hlg3_mapv52_g3_dck_0,0,1,464,256,1,123,0.03,0.04,0.93345,0.0001,0.00015,1.0,-33.89
fbg_n53_hlg3_mapv53_g3_ext_0,0,1,512,272,1,245,0.02,0.03,0.93328,4e-05,0.0001,1.0,-38.54
fbg_n54_invb_mapv60_iv_brg_0,0,1,432,320,1,143,0.08,0.09,0.93346,8e-05,7e-05,1.0,-24.54
fbg_n54_invb_mapv60a_iv_brg_1,0,1,432,320,1,143,0.08,0.09,0.93346,8e-05,7e-05,1.0,-24.54
fbg_n54_invb_mapv60c_iv_brg_3,0,1,320,224,0,134,0.12,0.69,0.93333,6e-05,3e-05,1.0,-6.14
fbg_n54_invb_mapv61_iv_cxi_0,0,1,448,448,1,122,0.04,0.06,0.93328,0.00013,7e-05,1.0,-32.34
fbg_n54_invb_mapv62_iv_ctr_0,0,1,480,320,1,64,0.01,0.01,0.93336,5e-05,0.00016,1.0,-18.93
fbg_n54_invb_mapv62a_iv_ctr_1,0,1,352,256,0,64,0.01,0.01,0.93337,9e-05,0.00022,1.0,-7.53
fbg_n55_dglo_map775_dg_ent_0,0,1,512,320,1,180,0.04,0.08,0.93324,0.0001,0.00014,1.0,-2.46
fbg_n55_dglo_map776_dg_lft_0,0,1,480,448,1,114,0.02,0.03,0.9333,0.00013,0.00014,1.0,-38.1
fbg_n55_dglo_map777_dg_srh_0,0,1,480,384,1,125,0.01,0.02,0.93337,3e-05,0.0002,1.0,-62.19
fbg_n55_dglo_map778_dg_2f0_0,0,1,496,256,1,114,0.01,0.02,0.9333,6e-05,0.00019,1.0,-17.18
fbg_n56_mgnt_map810_mn_mog_0,0,1,368,336,0,137,0.01,0.01,0.93333,5e-05,0.00017,1.0,-27.08
