tris,verts,nblocks,blocks,dx,dz,dy,wx,wz,y,cx,cz,coast_d,coast_part,nearest,nearest_loc,nearest_d,markers_in_bbox,topos,areas,events,idalls
2,4,1,"[[6, 10]]",3.2,4.0,6.4,"[422.9, 426.1]","[-648.0, -644.0]","[3.86, 10.23]",424.5,-646.0,18.8,sea3,Air Garden (Canyon),56,50.4,[],[59],[41],[0],"{""10734"": 2}"
2,4,1,"[[9, 1]]",3.8,3.9,3.7,"[576.0, 579.8]","[-92.9, -89.0]","[3.71, 7.42]",577.9,-90.9,21.9,sea3,Fire Shrine,48,78.1,[],[59],[56],[0],"{""14574"": 2}"
2,4,1,"[[16, 1]]",3.6,4.2,4.3,"[1073.5, 1077.0]","[-108.5, -104.4]","[2.73, 7.05]",1075.2,-106.4,16.6,sea4,Mognet Central,28,0.4,"[""Mognet Central""]",[59],[57],[0],"{""14830"": 2}"
2,4,1,"[[5, 11]]",4.6,4.5,4.6,"[374.9, 379.5]","[-732.5, -728.0]","[6.88, 11.51]",377.2,-730.3,45.4,sea4,Oeilvert,41,70.2,[],[59],[41],[0],"{""10734"": 2}"
3,4,1,"[[3, 9]]",0.4,0.3,1.4,"[224.5, 224.8]","[-608.5, -608.2]","[0.0, 1.39]",224.6,-608.3,0.0,sea4,Water Shrine,43,1.8,"[""Water Shrine""]",[59],[0],[0],"{""238"": 3}"
3,5,1,"[[8, 14]]",1.1,0.6,5.5,"[512.9, 514.0]","[-908.0, -907.4]","[1.0, 6.5]",513.5,-907.7,33.7,sea3,Wind Shrine,38,3.9,"[""Wind Shrine""]",[59],[45],[1],"{""28142"": 3}"
4,5,1,"[[3, 9]]",0.6,0.7,2.0,"[223.3, 223.8]","[-608.9, -608.2]","[0.0, 2.04]",223.5,-608.6,0.0,sea4,Water Shrine,43,1.3,"[""Water Shrine""]",[59],[0],[0],"{""238"": 4}"
4,6,1,"[[13, 4]]",7.6,5.8,0.9,"[851.7, 859.2]","[-276.7, -270.9]","[6.01, 6.89]",855.4,-273.8,7.7,sea4,CP Mountain Path,35,5.5,"[""CP Mountain Path""]","[17, 59]",[34],"[0, 1]","{""8942"": 2, ""25158"": 2}"
5,6,1,"[[18, 5]]",2.2,2.6,2.3,"[1157.1, 1159.3]","[-371.6, -369.1]","[3.88, 6.14]",1158.2,-370.3,40.9,sea4,Earth Shrine,26,10.3,[],[59],[60],[1],"{""31982"": 5}"
5,6,1,"[[18, 5]]",2.6,2.7,2.4,"[1168.7, 1171.2]","[-359.4, -356.7]","[3.82, 6.21]",1170.0,-358.0,41.4,sea3,Earth Shrine,26,9.8,[],[59],[60],[1],"{""31982"": 5}"
5,6,1,"[[18, 5]]",2.4,3.0,1.8,"[1176.5, 1178.9]","[-375.4, -372.4]","[3.93, 5.75]",1177.7,-373.9,27.9,sea4,Earth Shrine,26,11.4,[],[59],[60],[1],"{""31982"": 5}"
5,7,1,"[[0, 0]]",4.0,3.0,2.8,"[32.0, 36.0]","[-36.0, -33.0]","[5.27, 8.04]",34.0,-34.5,11.1,sea4,Esto Gaza,47,395.5,[],[59],[63],[0],"{""16366"": 5}"
8,9,2,"[[18, 11], [19, 11]]",6.6,7.3,4.1,"[1214.3, 1220.9]","[-750.7, -743.5]","[3.2, 7.3]",1217.6,-747.1,116.6,beach1,Evil Forest,2,0.3,"[""Evil Forest""]","[0, 49]",[0],"[0, 1]","{""198"": 4, ""16386"": 4}"
8,9,1,"[[20, 11]]",8.0,8.3,0.8,"[1280.6, 1288.6]","[-715.9, -707.7]","[26.43, 27.27]",1284.6,-711.8,65.2,sea4,Alexandria,1,13.0,[],[59],[22],[0],"{""5870"": 8}"
10,11,2,"[[19, 10], [19, 11]]",8.0,8.8,0.7,"[1268.0, 1276.0]","[-704.8, -696.0]","[26.46, 27.12]",1272.0,-700.4,71.7,sea4,Alexandria,1,12.0,[],[59],[22],[0],"{""5870"": 10}"
13,15,2,"[[7, 13], [7, 14]]",5.3,28.0,6.6,"[506.7, 512.0]","[-908.0, -880.0]","[-1.79, 4.84]",509.3,-894.0,33.4,sea3,Wind Shrine,38,10.5,"[""Wind Shrine""]",[59],[45],"[0, 1]","{""11758"": 5, ""28142"": 8}"
14,13,1,"[[5, 15]]",3.4,4.0,4.3,"[370.7, 374.1]","[-1024.0, -1020.0]","[25.1, 29.4]",372.4,-1022.0,24.3,sea3,Daguerreo,39,8.6,[],[59],[48],[0],"{""12526"": 14}"
14,13,1,"[[19, 11]]",10.1,10.5,0.7,"[1269.5, 1279.6]","[-714.5, -704.0]","[26.46, 27.13]",1274.6,-709.2,72.0,sea4,Alexandria,1,14.0,"[""Alexandria""]",[59],[22],[0],"{""5870"": 14}"
14,16,2,"[[8, 13], [8, 14]]",3.8,28.0,6.6,"[513.0, 516.8]","[-908.0, -880.0]","[-1.79, 4.84]",514.9,-894.0,34.5,sea3,Wind Shrine,38,10.0,"[""Wind Shrine""]",[59],[45],"[0, 1]","{""11758"": 5, ""28142"": 9}"
15,11,1,"[[3, 9]]",0.9,1.1,3.4,"[222.9, 223.8]","[-607.8, -606.8]","[0.0, 3.41]",223.4,-607.3,0.0,sea4,Water Shrine,43,0.2,"[""Water Shrine""]",[59],[0],[0],"{""238"": 15}"
15,14,1,"[[18, 4]]",4.6,5.0,3.8,"[1181.6, 1186.3]","[-286.6, -281.6]","[7.0, 10.81]",1184.0,-284.1,23.1,sea3,Desert Palace,27,6.8,"[""Desert Palace""]",[59],[60],[0],"{""15598"": 15}"
18,14,1,"[[21, 14]]",5.2,4.0,4.8,"[1397.0, 1402.2]","[-923.3, -919.2]","[26.07, 30.84]",1399.6,-921.2,38.3,sea4,Quan Dwelling,4,1.5,"[""Quan Dwelling""]",[59],[10],[0],"{""2798"": 18}"
24,17,1,"[[14, 6]]",8.8,8.6,2.7,"[949.6, 958.3]","[-394.3, -385.7]","[5.86, 8.57]",953.9,-390.0,32.4,sea3,Black Mage Village,30,0.7,"[""Black Mage Village""]",[59],[28],[0],"{""7406"": 24}"
26,20,1,"[[9, 17]]",9.0,8.9,6.8,"[591.0, 600.0]","[-1132.9, -1124.0]","[-0.06, 6.77]",595.5,-1128.4,0.0,sea3,Chocobo Lagoon,37,3.5,"[""Chocobo Lagoon""]","[55, 58, 59]","[0, 49]","[0, 1]","{""234"": 5, ""238"": 4, ""12782"": 14, ""16606"": 3}"
30,21,1,"[[14, 6]]",14.9,5.0,3.9,"[913.1, 928.0]","[-401.7, -396.7]","[1.6, 5.53]",920.5,-399.2,5.6,sea3,Fossil Roo,31,2.9,"[""Fossil Roo""]","[49, 59]",[27],[0],"{""7110"": 2, ""7150"": 28}"
37,24,1,"[[22, 14]]",3.1,3.1,3.4,"[1412.6, 1415.7]","[-903.8, -900.7]","[26.41, 29.81]",1414.1,-902.2,15.6,sea4,Quan Dwelling,4,25.4,[],"[49, 59]",[10],[0],"{""2758"": 20, ""2798"": 17}"
38,24,1,"[[14, 14]]",1.8,4.7,1.4,"[933.3, 935.1]","[-944.3, -939.5]","[3.77, 5.13]",934.2,-941.9,37.6,sea3,Qu Marsh (Mist),21,1.0,"[""Qu Marsh (Mist)""]",[59],[6],[0],"{""1774"": 38}"
40,25,1,"[[16, 14]]",6.7,5.3,2.0,"[1028.3, 1035.1]","[-960.0, -954.7]","[2.12, 4.09]",1031.7,-957.3,33.6,sea3,Chocobo Forest,19,56.5,[],"[52, 59]",[15],[0],"{""4050"": 16, ""4078"": 24}"
61,46,3,"[[5, 15], [5, 16], [6, 16]]",13.6,9.2,10.0,"[374.8, 388.4]","[-1032.0, -1022.8]","[15.23, 25.21]",381.6,-1027.4,23.3,sea4,Daguerreo,39,2.3,"[""Daguerreo""]","[52, 59]",[48],"[0, 1]","{""12498"": 14, ""12526"": 39, ""28882"": 8}"
68,42,1,"[[14, 15]]",8.9,4.6,6.0,"[912.0, 920.9]","[-1024.0, -1019.4]","[2.97, 8.99]",916.4,-1021.7,30.2,beach1,Lindblum Dragon Gate,23,2.9,"[""Lindblum Dragon Gate""]",[59],[7],[0],"{""2030"": 68}"
76,45,4,"[[16, 14], [16, 15], [17, 14], [17, 15]]",17.7,17.8,7.9,"[1079.1, 1096.8]","[-961.1, -943.2]","[7.95, 15.85]",1088.0,-952.1,35.5,beach1,Chocobo Forest,19,0.3,"[""Chocobo Forest""]",[59],[15],[0],"{""4078"": 76}"
79,54,1,"[[13, 17]]",11.6,7.4,6.2,"[859.8, 871.4]","[-1104.2, -1096.7]","[0.0, 6.2]",865.6,-1100.5,0.0,sea4,Lindblum Harbour,25,1.9,"[""Lindblum Harbour""]",[59],[7],[0],"{""2030"": 79}"
82,47,1,"[[17, 12]]",5.1,4.7,5.4,"[1109.4, 1114.5]","[-796.3, -791.6]","[26.07, 31.51]",1111.9,-794.0,108.8,sea3,Observatory Mtn,12,0.3,"[""Observatory Mtn""]",[59],[2],[0],"{""750"": 82}"
83,48,2,"[[14, 2], [14, 3]]",12.8,12.0,6.3,"[903.2, 916.0]","[-196.0, -184.0]","[0.0, 6.27]",909.6,-190.0,0.0,sea3,Madain Sari,33,1.0,"[""Madain Sari""]",[59],[32],[0],"{""8430"": 83}"
86,53,1,"[[17, 12]]",16.0,12.9,4.3,"[1092.0, 1108.0]","[-812.9, -800.0]","[26.07, 30.39]",1100.0,-806.5,116.1,sea3,Dali,13,5.3,"[""Dali""]","[10, 59]",[2],"[0, 1]","{""554"": 7, ""750"": 64, ""16938"": 3, ""17134"": 12}"
104,66,1,"[[21, 10]]",6.3,8.4,5.5,"[1344.0, 1350.3]","[-683.4, -675.1]","[0.0, 5.53]",1347.1,-679.2,0.0,sea4,Alexandria Harbour,0,3.0,"[""Alexandria Harbour""]",[59],[24],[0],"{""6382"": 104}"
128,96,4,"[[4, 3], [4, 4], [5, 3], [5, 4]]",42.4,36.3,17.3,"[313.6, 356.0]","[-261.7, -225.4]","[21.09, 38.44]",334.8,-243.6,20.4,sea3,Esto Gaza,47,38.0,[],[49],[54],[0],"{""14022"": 128}"
131,77,1,"[[16, 11]]",5.9,15.4,7.0,"[1034.1, 1040.0]","[-762.7, -747.3]","[32.9, 39.93]",1037.1,-755.0,69.2,sea3,North Gate,14,0.4,"[""North Gate"", ""North Gate""]",[59],"[0, 9]",[0],"{""238"": 72, ""2542"": 59}"
140,83,2,"[[18, 13], [18, 14]]",15.7,14.1,7.0,"[1163.4, 1179.0]","[-909.3, -895.2]","[32.9, 39.93]",1171.2,-902.2,86.6,sea3,South Gate,6,1.0,"[""South Gate"", ""South Gate"", ""South Gate"", ""South Gate"", ""South Gate""]",[59],[0],[0],"{""238"": 140}"
149,81,1,"[[6, 12]]",11.1,12.3,7.2,"[388.9, 400.0]","[-804.0, -791.7]","[2.95, 10.15]",394.4,-797.8,44.8,sea3,Oeilvert,41,0.4,"[""Oeilvert""]","[20, 59]",[41],"[0, 1]","{""10578"": 12, ""10734"": 132, ""26962"": 5}"
152,88,2,"[[13, 5], [14, 5]]",14.7,6.5,4.9,"[889.2, 903.9]","[-355.2, -348.7]","[8.41, 13.34]",896.6,-351.9,44.7,sea3,Conde Petie,32,1.9,"[""Conde Petie""]",[59],[27],[0],"{""7150"": 152}"
156,87,1,"[[5, 3]]",10.5,8.3,6.6,"[369.2, 379.7]","[-243.2, -234.9]","[6.77, 13.33]",374.5,-239.0,10.2,sea3,Esto Gaza,47,2.0,"[""Esto Gaza""]",[59],[54],[0],"{""14062"": 156}"
242,137,2,"[[2, 7], [3, 7]]",5.4,6.8,9.4,"[189.3, 194.7]","[-477.3, -470.5]","[-3.35, 6.07]",192.0,-473.9,16.5,sea4,Ipsen Castle,44,0.7,"[""Ipsen Castle""]",[59],[44],[0],"{""11502"": 242}"
256,134,3,"[[19, 10], [20, 10], [20, 11]]",10.3,10.2,16.8,"[1279.0, 1289.2]","[-704.0, -693.8]","[26.29, 43.06]",1284.1,-698.9,59.4,sea4,Alexandria,1,0.2,"[""Alexandria""]",[59],[22],[0],"{""5870"": 256}"
256,133,4,"[[11, 4], [11, 5], [12, 4], [12, 5]]",17.6,17.2,23.0,"[759.1, 776.8]","[-328.5, -311.3]","[12.49, 35.5]",768.0,-319.9,32.7,sea4,Iifa Tree,36,13.7,"[""Iifa Tree""]",[59],[34],[0],"{""8942"": 256}"
293,154,4,"[[13, 16], [13, 17], [14, 16], [14, 17]]",13.6,12.1,13.6,"[889.8, 903.4]","[-1093.5, -1081.4]","[27.05, 40.61]",896.6,-1087.4,25.1,sea4,Lindblum,24,1.0,"[""Lindblum""]",[59],[14],[2],"{""36590"": 293}"
321,172,4,"[[14, 10], [14, 11], [15, 10], [15, 11]]",12.1,15.1,10.0,"[955.1, 967.3]","[-715.7, -700.6]","[2.77, 12.79]",961.2,-708.2,43.6,sea3,Burmecia,17,3.0,"[""Burmecia""]",[59],[9],[0],"{""2542"": 321}"
464,244,4,"[[19, 14], [19, 15], [20, 14], [20, 15]]",16.0,16.4,2.6,"[1272.0, 1288.0]","[-967.8, -951.3]","[26.07, 28.62]",1280.0,-959.5,48.3,sea4,Treno,5,2.5,"[""Treno""]",[59],[10],[0],"{""2798"": 464}"
